Identifier,name,iso_region,State Abbreviation,State,City,Wikipedia Description,type,latitude_deg,longitude_deg,elevation_ft,continent,iso_country,column_13,scheduled_service,icao_code,iata_code,gps_code,local_code,home_link,wikipedia_link,keywords
00CL,Williams Ag Airport,US-CA,CA,California,Biggs,,small_airport,39.427188,-121.763427,87,NA,US,,no,,,00CL,00CL,,,
01J,Hilliard Airpark,US-FL,FL,Florida,Hilliard,,small_airport,30.685568,-81.906346,59,NA,US,,no,,,K01J,01J,,https://en.wikipedia.org/wiki/Hilliard_Airpark,
01SC,York Airport,US-SC,SC,South Carolina,York,,small_airport,35.03210068,-81.25279999,779,NA,US,,no,,,01SC,01SC,,,
01TE,Smith Field,US-TX,TX,Texas,Forney,,small_airport,32.737598,-96.428001,505,NA,US,,no,,,01TE,01TE,,,02F
02MD,Garner Field,US-MD,MD,Maryland,Brandywine,,small_airport,38.672544,-76.709739,141,NA,US,,no,,,02MD,02MD,,,
05KY,Cartersville Airport,US-KY,KY,Kentucky,Paint Lick,,small_airport,37.53575,-84.407303,1070,NA,US,,no,,,05KY,05KY,,,
06TN,Hunter Airport,US-TN,TN,Tennessee,Columbia,,small_airport,35.696962,-86.957767,640,NA,US,,no,,,06TN,06TN,,,"Hunter Field, Hunter's Field, Hunter STOLport"
06XS,Campbell Field,US-TX,TX,Texas,Aubrey,,small_airport,33.322933,-97.045019,546,NA,US,,no,,,06XS,06XS,,,
0C8,Cushing Field Ltd Airport,US-IL,IL,Illinois,Newark,,small_airport,41.519501,-88.605598,640,NA,US,,no,,,0C8,0C8,,https://en.wikipedia.org/wiki/Cushing_Field,
0CA3,Crawford Airport,US-CA,CA,California,Santa Ynez,,small_airport,34.58750153,-120.0130005,570,NA,US,,no,,,0CA3,0CA3,,,
0MI8,Twin Lakes Airport,US-MI,MI,Michigan,Lewiston,,small_airport,44.894115,-84.297818,1275,NA,US,,no,,,,MI55,,,0MI8
0N0,Roosterville Airport,US-MO,MO,Missouri,Liberty,,small_airport,39.29109955,-94.44219971,1004,NA,US,,no,,,0N0,0N0,,,
0NM0,Columbus Airport,US-NM,NM,New Mexico,Columbus,,small_airport,31.823898,-107.629924,4024,NA,US,,no,,CUS,0NM0,0NM0,,https://en.wikipedia.org/wiki/Columbus_Municipal_Airport_(New_Mexico),
0OK9,Crystal Airport,US-OK,OK,Oklahoma,Jennings,,small_airport,36.21340179,-96.63700104,1016,NA,US,,no,,,0OK9,0OK9,,,
0OR7,Marr Field,US-OR,OR,Oregon,Monmouth,,small_airport,44.85400009,-123.2639999,275,NA,US,,no,,,0OR7,0OR7,,,
0SD1,Lodi Airport,US-SD,SD,South Dakota,Wakonda,,small_airport,42.971995,-96.979857,1200,NA,US,,no,,,0SD1,0SD1,,,
0TE2,Bell Helicopter Hurst Heliport,US-TX,TX,Texas,Hurst,,heliport,32.80009842,-97.16699982,524,NA,US,,no,,,0TE2,0TE2,,,
10XA,Sterling Airport,US-TX,TX,Texas,Port Lavaca,,small_airport,28.680794,-96.661647,30,NA,US,,no,,,10XA,10XA,,,
12CL,Newton Field,US-CA,CA,California,Stratford,,small_airport,36.1568985,-119.8499985,194,NA,US,,no,,,12CL,12CL,,,
15G,Weltzien Skypark Airport,US-OH,OH,Ohio,Wadsworth,,small_airport,41.028278,-81.798077,1210,NA,US,,no,,,15G,15G,,https://en.wikipedia.org/wiki/Weltzien_Skypark,
16X,Propwash Airport,US-TX,TX,Texas,Justin,,small_airport,33.0807,-97.358902,800,NA,US,,no,,,16X,16X,,https://en.wikipedia.org/wiki/Propwash_Airport,Formerly 16XS
17S,Chehalem Airpark,US-OR,OR,Oregon,Newberg,,small_airport,45.32369995,-123.0540009,190,NA,US,,no,,,17S,17S,,https://en.wikipedia.org/wiki/Chehalem_Airpark,
18SC,American Dream Skyranch Airport,US-SC,SC,South Carolina,Ninety Six,,small_airport,34.097769,-81.891542,450,NA,US,,no,,,18SC,18SC,,,
19VA,Flying W Airport,US-VA,VA,Virginia,Castlewood,,small_airport,36.88882,-82.300558,1760,NA,US,,no,,,19VA,19VA,,,
1II3,Davis Airport,US-IN,IN,Indiana,Carlisle,,small_airport,38.957918,-87.394602,500,NA,US,,no,,,1II3,1II3,,,
1IL4,Flight Park Inc Airport,US-IL,IL,Illinois,Millstadt,,small_airport,38.418701,-90.131203,631,NA,US,,no,,,1IL4,1IL4,http://www.1il4.com/,,"Heitman Aerdrome, Riebeling Airport"
1K1,Lloyd Stearman Field,US-KS,KS,Kansas,Benton,,small_airport,37.7779007,-97.1135025,1364,NA,US,,no,,,1K1,1K1,,https://en.wikipedia.org/wiki/Lloyd_Stearman_Field,
1L4,Kidwell Airport,US-NV,NV,Nevada,Cal Nev Ari,,small_airport,35.305547,-114.88236,2605,NA,US,,no,,,K1L4,1L4,,https://en.wikipedia.org/wiki/Kidwell_Airport,
1P1,Plymouth Municipal Airport,US-NH,NH,New Hampshire,Plymouth,,small_airport,43.778299,-71.753919,505,NA,US,,no,,,K1P1,1P1,,https://en.wikipedia.org/wiki/Plymouth_Municipal_Airport_(New_Hampshire),
1S8,Arlington Municipal Airport,US-OR,OR,Oregon,Arlington,,small_airport,45.722683,-120.176418,890,NA,US,,no,,,,1S8,,https://en.wikipedia.org/wiki/Arlington_Municipal_Airport_(Oregon),
1T8,Bulverde Airpark,US-TX,TX,Texas,Bulverde,,small_airport,29.7391,-98.451258,1080,NA,US,,no,,,K1T8,1T8,,,1TT8
1TA7,Thompson Field,US-TX,TX,Texas,Canton,,small_airport,32.61600113,-95.86830139,515,NA,US,,no,,,1TA7,1TA7,,,
1W1,Grove Field,US-WA,WA,Washington,Camas,,small_airport,45.62779999,-122.4039993,429,NA,US,,no,,,1W1,1W1,,https://en.wikipedia.org/wiki/Grove_Field_Airport,
21VA,Eagles Nest Airport,US-VA,VA,Virginia,Cape Charles,,small_airport,37.303382,-75.93574,40,NA,US,,no,,,21VA,21VA,,,
26N,Ocean City Municipal Airport,US-NJ,NJ,New Jersey,Ocean City,,small_airport,39.2635,-74.607498,5,NA,US,,no,,,K26N,26N,https://www.ocnj.us/MunicipalAirport,https://en.wikipedia.org/wiki/Ocean_City_Municipal_Airport_(New_Jersey),
26NC,Boonville Airport,US-NC,NC,North Carolina,Boonville,,small_airport,36.22290039,-80.71559906,1003,NA,US,,no,,,26NC,26NC,,,
26W,Wolf Lake Airport,US-MI,MI,Michigan,Napoleon,,small_airport,42.20970154,-84.23169708,980,NA,US,,no,,,26W,26W,,,
27MI,Miller Field,US-MI,MI,Michigan,Vassar,,small_airport,43.37279892,-83.48660278,705,NA,US,,no,,,27MI,27MI,,,
28A,Goose Creek Airport,US-NC,NC,North Carolina,Indian Trail,,small_airport,35.12099838,-80.58730316,565,NA,US,,no,,,28A,28A,,,
2B2,Plum Island Airport,US-MA,MA,Massachusetts,Newburyport,,small_airport,42.795898,-70.841202,11,NA,US,,no,,,2B2,2B2,,https://en.wikipedia.org/wiki/Plum_Island_Airport,
2CL3,Longbell Ranch Airport,US-CA,CA,California,Macdoel,,small_airport,41.642101,-121.889999,4607,NA,US,,no,,,2CL3,2CL3,,,
2J9,Quincy Municipal Airport,US-FL,FL,Florida,Quincy,,small_airport,30.5979,-84.557404,221,NA,US,,no,,,2J9,2J9,,https://en.wikipedia.org/wiki/Quincy_Municipal_Airport_(Florida),
2S6,Sportsman Airpark,US-OR,OR,Oregon,Newberg,,small_airport,45.29570007,-122.9550018,181,NA,US,,no,,,2S6,2S6,,https://en.wikipedia.org/wiki/Sportsman_Airpark,
2TN2,Wings Field,US-TN,TN,Tennessee,Whiteville,,small_airport,35.221259,-89.190178,540,NA,US,,no,,,2TN2,2TN2,,,
38AK,Mels Airport,US-AK,AK,Alaska,Wasilla,,small_airport,61.5625,-149.6679993,340,NA,US,,no,,,38AK,38AK,,,
38N,Smyrna Airport,US-DE,DE,Delaware,Smyrna,,small_airport,39.3036,-75.5839,18,NA,US,,no,,,38N,38N,,https://en.wikipedia.org/wiki/Smyrna_Airport_(Delaware),
39IN,Roberts Field,US-IN,IN,Indiana,Sulphur Springs,,small_airport,40.00230026,-85.42890167,1085,NA,US,,no,,,39IN,39IN,,,
3FD9,Prairie Lake Private Residential Seaplane Base,US-FL,FL,Florida,Altamonte Springs,,seaplane_base,28.6567,-81.353401,86,NA,US,,no,,,3FD9,3FD9,,,
40I,Red Stewart Airfield,US-OH,OH,Ohio,Waynesville,,small_airport,39.50529861,-84.12190247,955,NA,US,,no,,,40I,40I,,,
42B,Goodspeed Airport,US-CT,CT,Connecticut,East Haddam,,small_airport,41.446072,-72.45698,9,NA,US,,no,,,,42B,,https://en.wikipedia.org/wiki/Goodspeed_Airport,
43K,Marion Municipal Airport,US-KS,KS,Kansas,Marion,,small_airport,38.337502,-96.991699,1390,NA,US,,no,,,43K,43K,,https://en.wikipedia.org/wiki/Marion_Municipal_Airport_(Kansas),
47TE,Whites Airport,US-TX,TX,Texas,La Ward,,small_airport,28.85169983,-96.49749756,43,NA,US,,no,,,47TE,47TE,,,
49F,Rankin Airport,US-TX,TX,Texas,Rankin,,small_airport,31.2274,-101.953003,2543,NA,US,,no,,,49F,49F,,https://en.wikipedia.org/wiki/Rankin_Airport_(Texas),
4B0,South Albany Airport,US-NY,NY,New York,South Bethlehem,,small_airport,42.56069946,-73.83390045,196,NA,US,,no,,,4B0,4B0,,,
4B9,Simsbury Airport,US-CT,CT,Connecticut,Simsbury,,small_airport,41.915755,-72.777128,195,NA,US,,no,,,,4B9,,https://en.wikipedia.org/wiki/Simsbury_Airport,
4G2,Hamburg Airport,US-NY,NY,New York,Hamburg,,small_airport,42.70090103,-78.91480255,751,NA,US,,no,,,4G2,4G2,,,
4MD4,Clements Airport,US-MD,MD,Maryland,Clements,,small_airport,38.34059906,-76.73719788,105,NA,US,,no,,,4MD4,4MD4,,,
52Z,Summit Lake Seaplane Base,US-AK,AK,Alaska,Moose Pass,,seaplane_base,60.64110184,-149.496994,1300,NA,US,,no,,,52Z,52Z,,,
54PA,Pine Bottom Heliport,US-PA,PA,Pennsylvania,Martinsburg,,heliport,40.23619843,-78.30529785,1504,NA,US,,no,,,54PA,54PA,,,
58J,Huggins Memorial Airport,US-SC,SC,South Carolina,Timmonsville,,small_airport,34.13769913,-79.92060089,143,NA,US,,no,,,58J,58J,,,
58N,Reigle Field,US-PA,PA,Pennsylvania,Palmyra,,small_airport,40.287601,-76.577499,489,NA,US,,no,,,58N,58N,,https://en.wikipedia.org/wiki/Reigle_Field,
5G0,Le Roy Airport,US-NY,NY,New York,Le Roy,,small_airport,42.9814,-77.9375,780,NA,US,,no,,,5G0,5G0,http://www.leroyairport.com/,https://en.wikipedia.org/wiki/Le_Roy_Airport,
5ND9,Deck Airport,US-ND,ND,North Dakota,Hillsboro,,small_airport,47.48469925,-97.07479858,916,NA,US,,no,,,5ND9,5ND9,,,
60B,Moose River Seaplane Base,US-ME,ME,Maine,Jackman,,seaplane_base,45.63339996,-70.2661972,1157,NA,US,,no,,,60B,60B,,,
63OI,Bowman Field,US-OH,OH,Ohio,Delaware,,small_airport,40.33509827,-83.13600159,965,NA,US,,no,,,63OI,63OI,,,
65LA,Southern Seaplane Airport,US-LA,LA,Louisiana,Belle Chasse,,small_airport,29.866078,-90.021608,,NA,US,,no,,BCS,65LA,65LA,http://southernseaplane.com/cms/?page_id=460,https://en.wikipedia.org/wiki/Southern_Seaplane_Airport,
69N,Slatington Airport,US-PA,PA,Pennsylvania,Slatington,,small_airport,40.763599,-75.604897,380,NA,US,,no,,,,69N,,,
6FL0,Seminole Lake Gliderport,US-FL,FL,Florida,Groveland,,small_airport,28.40579987,-81.83789825,120,NA,US,,no,,,6FL0,6FL0,,,
6K2,Shelby County Airport,US-MO,MO,Missouri,Shelbyville,,small_airport,39.81259918,-92.05020142,766,NA,US,,no,,,6K2,6K2,,https://en.wikipedia.org/wiki/Shelby_County_Airport_(Missouri),
6VA4,Summit Airport,US-VA,VA,Virginia,Salem,,small_airport,37.284355,-80.068882,1030,NA,US,,no,,,6VA4,6VA4,,,Trussmark Airport
70NR,Ruby's Landing,US-NC,NC,North Carolina,Newton Grove,,small_airport,35.218562,-78.366777,144,NA,US,,no,,,70NR,70NR,,,
76N,Skyhaven Airport,US-PA,PA,Pennsylvania,Tunkhannock,,small_airport,41.529202,-75.946899,639,NA,US,,no,,,76N,76N,,https://en.wikipedia.org/wiki/Skyhaven_Airport_(Pennsylvania),
76NY,Independent Heliport,US-NY,NY,New York,New Windsor,,heliport,41.492778,-74.104361,512,NA,US,,no,,,KT27,T27,,,76NY
79TE,Arrowhead Airport,US-TX,TX,Texas,Lagarto,,small_airport,28.11560059,-97.93080139,165,NA,US,,no,,,79TE,79TE,,,
7B3,Hampton Airfield,US-NH,NH,New Hampshire,Hampton,,small_airport,42.961382,-70.830311,93,NA,US,,no,,,K7B3,7B3,,https://de.wikipedia.org/wiki/Hampton_Airfield,
7B9,Ellington Airport,US-CT,CT,Connecticut,Ellington,,small_airport,41.925302,-72.457066,253,NA,US,,no,,,K7B9,7B9,,https://en.wikipedia.org/wiki/Ellington_Airport_(Connecticut),
7I2,Reese Airport,US-IN,IN,Indiana,Muncie,,small_airport,40.155392,-85.318923,991,NA,US,,no,,,K7I2,7I2,,,
7S3,Stark's Twin Oaks Airpark,US-OR,OR,Oregon,Hillsboro,,small_airport,45.42850113,-122.9420013,170,NA,US,,no,,,7S3,7S3,,https://en.wikipedia.org/wiki/Stark's_Twin_Oaks_Airpark,
7TE5,Carlisle Airport,US-TX,TX,Texas,Mullin,,small_airport,31.67919922,-98.66359711,1790,NA,US,,no,,,7TE5,7TE5,,,
84Y,Bloomfield Municipal Airport,US-NE,NE,Nebraska,Bloomfield,,small_airport,42.57878,-97.672739,1673,NA,US,,no,,,84Y,84Y,,https://en.wikipedia.org/wiki/Bloomfield_Municipal_Airport_(Nebraska),
86OH,Westfield Airport,US-OH,OH,Ohio,Westfield Center,,small_airport,41.01279831,-81.92009735,1044,NA,US,,no,,,86OH,86OH,,,
8D4,Paul C. Miller-Sparta Airport,US-MI,MI,Michigan,Sparta,,small_airport,43.127399,-85.679199,775,NA,US,,no,,,8D4,8D4,,https://en.wikipedia.org/wiki/Miller%E2%80%93Sparta_Airport,
8NC9,Western North Carolina Air Museum Airport,US-NC,NC,North Carolina,Hendersonville,,small_airport,35.307855,-82.434263,2083,NA,US,,no,,,8NC9,8NC9,,,
8S4,Enterprise Municipal Airport,US-OR,OR,Oregon,Enterprise,,small_airport,45.42490005,-117.2649994,3957,NA,US,,no,,,8S4,8S4,,https://en.wikipedia.org/wiki/Enterprise_Municipal_Airport_(Oregon),
8Y4,Surfside Seaplane Base,US-MN,MN,Minnesota,Lino Lakes,,seaplane_base,45.15000153,-93.11689758,880,NA,US,,no,,,8Y4,8Y4,,,
9AK7,Cubdivision Airport,US-AK,AK,Alaska,Big Lake,,small_airport,61.58980179,-149.8170013,250,NA,US,,no,,,9AK7,9AK7,,,
9II3,Dillon Airport,US-IN,IN,Indiana,North Liberty,,small_airport,41.5625,-86.47219849,700,NA,US,,no,,,9II3,9II3,,,
9KY9,Paintsville-Prestonsburg-Combs Field,US-KY,KY,Kentucky,Paintsville,,small_airport,37.745743,-82.77797,624,NA,US,,no,,,9KY9,9KY9,,https://en.wikipedia.org/wiki/Paintsville-Prestonsburg_Combs_Field,
9N1,Van Sant Airport,US-PA,PA,Pennsylvania,Erwinna,,small_airport,40.483559,-75.10088,390,NA,US,,no,,,,9N1,,https://en.wikipedia.org/wiki/Van_Sant_Airport,Vansant
9NC0,Raleigh East Airport,US-NC,NC,North Carolina,Knightdale,,small_airport,35.797699,-78.436996,313,NA,US,,no,,,W17,W17,https://www.airnav.com/airport/W17,,9NC0
9Z9,Lawing Airport,US-AK,AK,Alaska,Lawing,,small_airport,60.41109848,-149.3699951,475,NA,US,,no,,,9Z9,9Z9,,,
AK8,Christiansen Lake Seaplane Base,US-AK,AK,Alaska,Talkeetna,,seaplane_base,62.313414,-150.06935,400,NA,US,,no,,,AK8,AK8,,,
AL71,Willow Point Airport,US-AL,AL,Alabama,Our Town,,small_airport,32.80369949,-85.98049927,551,NA,US,,no,,,AL71,AL71,,,
AL74,Grimes Field,US-AL,AL,Alabama,Semmes,,small_airport,30.76440048,-88.30580139,215,NA,US,,no,,,AL74,AL74,,,
AR13,Pearson Field,US-AR,AR,Arkansas,Bigelow,,small_airport,34.98619843,-92.63349915,300,NA,US,,no,,,AR13,AR13,,,
AZ76,Chandler Regional Hospital Heliport,US-AZ,AZ,Arizona,Chandler,,heliport,33.298117,-111.873527,1195,NA,US,,no,,,AZ76,AZ76,,,
C25,Waverly Municipal Airport,US-IA,IA,Iowa,Waverly,,small_airport,42.742001,-92.507896,992,NA,US,,no,,,KC25,C25,,https://en.wikipedia.org/wiki/Waverly_Municipal_Airport,
C82,Bresson Airport,US-IL,IL,Illinois,Compton,,small_airport,41.762501,-89.101501,769,NA,US,,no,,,KC82,C82,,,
C92,Mentone Airport,US-IN,IN,Indiana,Mentone,,small_airport,41.147213,-86.06456,860,NA,US,,no,,,KC92,C92,,,
CA20,Eagle's Nest Airport,US-CA,CA,California,Ione,,small_airport,38.43258,-121.016507,220,NA,US,,no,,,CA20,CA20,,,
CA89,Skylark Airport,US-CA,CA,California,Lake Elsinore,,small_airport,33.632272,-117.300868,1253,NA,US,,no,,,CA89,CA89,,,Skylark Field
D38,Canandaigua Airport,US-NY,NY,New York,Ontario County IDA,,small_airport,42.908902,-77.325226,814,NA,US,,no,,IUA,KIUA,IUA,https://flycanandaigua.com/,https://en.wikipedia.org/wiki/Canandaigua_Airport,Canandaigua Airport
D49,Columbus Municipal Airport,US-ND,ND,North Dakota,Columbus,,small_airport,48.898602,-102.792,1930,NA,US,,no,,,D49,D49,,https://en.wikipedia.org/wiki/Columbus_Municipal_Airport_(North_Dakota),
E66,Maple Grove Heliport,US-MI,MI,Michigan,Fowlerville,,heliport,42.71709824,-84.06189728,908,NA,US,,no,,,E66,E66,,,
F57,Jack Browns Seaplane Base,US-FL,FL,Florida,Winter Haven,,seaplane_base,28.057501,-81.762802,140,NA,US,,no,,,F57,F57,,https://en.wikipedia.org/wiki/Jack_Browns_Seaplane_Base,
F95,Calhoun County Airport,US-FL,FL,Florida,Blountstown,,small_airport,30.486899,-85.113798,118,NA,US,,no,,,KF95,F95,,https://en.wikipedia.org/wiki/Calhoun_County_Airport_(Florida),
FA51,Sky Manor Airport,US-FL,FL,Florida,La Belle,,small_airport,26.739,-81.506203,15,NA,US,,no,,,FA51,FA51,,,William's Sky Manor
FD77,Wimauma Air Park,US-FL,FL,Florida,Wimauma,,small_airport,27.71199989,-82.28289795,100,NA,US,,no,,,FD77,FD77,,,
FL37,Treasure Coast Airpark,US-FL,FL,Florida,Fort Pierce,,small_airport,27.23839951,-80.49140167,30,NA,US,,no,,,FL37,FL37,,,
G05,Finleyville Airpark,US-PA,PA,Pennsylvania,Finleyville,,small_airport,40.2458992,-80.01229858,1240,NA,US,,no,,,G05,G05,,,
GE21,Anderson Airport,US-GA,GA,Georgia,Bainbridge,,small_airport,31.018681,-84.392917,138,NA,US,,no,,,GE21,GE21,,,
I19,Greene County/Lewis A. Jackson Regional Airport,US-OH,OH,Ohio,Dayton,,small_airport,39.690807,-83.992585,949,NA,US,,no,,,KGDK,GDK,http://www.i19airport.com/,,"I19, Xenia"
I83,Salem Municipal Airport,US-IN,IN,Indiana,Salem,,small_airport,38.604253,-86.151042,840,NA,US,,no,,,KI83,I83,,https://en.wikipedia.org/wiki/Salem_Municipal_Airport_(Indiana),
I99,Alexandria Airport,US-IN,IN,Indiana,Alexandria,,small_airport,40.232498,-85.637497,900,NA,US,,no,,,I99,I99,,https://en.wikipedia.org/wiki/Alexandria_Airport_(Indiana),
IA24,Green Castle Airport,US-IA,IA,Iowa,Oxford,,small_airport,41.755001,-91.727699,750,NA,US,,no,,,IA24,IA24,,https://en.wikipedia.org/wiki/Green_Castle_Airport,
II99,Drake Field,US-IN,IN,Indiana,Walkerton,,small_airport,41.43640137,-86.47080231,730,NA,US,,no,,,II99,II99,,,
K00V,Meadow Lake Airport,US-CO,CO,Colorado,Colorado Springs,,small_airport,38.94580078,-104.5699997,6874,NA,US,,no,,,KFLY,FLY,http://www.2mla.com/,https://en.wikipedia.org/wiki/Meadow_Lake_Airport_(Colorado),00V
K03B,Mansfield Municipal Airport,US-MO,MO,Missouri,Mansfield,,small_airport,37.126834,-92.621594,1500,NA,US,,no,,,K03B,03B,,,MO14
K05C,Griffith-Merrillville Airport,US-IN,IN,Indiana,Griffith,,small_airport,41.519798,-87.399498,634,NA,US,,no,,,,05C,,https://en.wikipedia.org/wiki/Griffith-Merrillville_Airport,
K06C,Schaumburg Regional Airport,US-IL,IL,Illinois,Chicago/Schaumburg,,small_airport,41.98929977,-88.10119629,801,NA,US,,no,,,06C,06C,http://www.ci.schaumburg.il.us/trans/airport1/Pages/default.aspx,https://en.wikipedia.org/wiki/Schaumburg_Regional_Airport,EIT
K0A7,Hendersonville Airport,US-NC,NC,North Carolina,Hendersonville,,small_airport,35.308258,-82.432948,2084,NA,US,,no,,,,0A7,,,
K0A9,Elizabethton Municipal Airport,US-TN,TN,Tennessee,Elizabethton,,small_airport,36.371201,-82.173302,1593,NA,US,,no,,,,0A9,,https://en.wikipedia.org/wiki/Elizabethton_Municipal_Airport,
K0B5,Turners Falls Airport,US-MA,MA,Massachusetts,Montague,,small_airport,42.59140015,-72.52279663,356,NA,US,,no,,,0B5,0B5,http://turnersfallsairport.com/,https://en.wikipedia.org/wiki/Turners_Falls_Airport,
K0E0,Moriarty Municipal Airport,US-NM,NM,New Mexico,Moriarty,,small_airport,34.9751,-106.0028,6199,NA,US,,no,,,,0,,,
K0G7,Finger Lakes Regional Airport,US-NY,NY,New York,Seneca Falls,,small_airport,42.883598,-76.782246,492,NA,US,,no,,,,0G7,,https://en.wikipedia.org/wiki/Finger_Lakes_Regional_Airport,
K0R0,Columbia-Marion County Airport,US-MS,MS,Mississippi,Columbia,,small_airport,31.297001,-89.812798,265,NA,US,,no,,,K0R0,0R0,http://www.marioncountyms.com/columbia-marion-county-airport,,
K0R3,Abbeville Chris Crusta Memorial Airport,US-LA,LA,Louisiana,Abbeville,,small_airport,29.97579956,-92.084198,16,NA,US,,no,,,KIYA,IYA,,https://en.wikipedia.org/wiki/Abbeville_Chris_Crusta_Memorial_Airport,0R3
K0S9,Jefferson County International Airport,US-WA,WA,Washington,Port Townsend,,small_airport,48.05379868,-122.810997,108,NA,US,,no,,TWD,K0S9,0S9,http://www.portofpt.com/airport.htm,https://en.wikipedia.org/wiki/Jefferson_County_International_Airport,
K0W3,Harford County Airport,US-MD,MD,Maryland,Churchville,,small_airport,39.566799,-76.2024,409,NA,US,,no,,,K0W3,0W3,,https://en.wikipedia.org/wiki/Harford_County_Airport,
K10C,Galt Field,US-IL,IL,Illinois,Wonder Lake,,small_airport,42.402735,-88.376942,875,NA,US,,no,,,K10C,10C,,https://en.wikipedia.org/wiki/Galt_Field,
K12D,Tower Municipal Airport,US-MN,MN,Minnesota,Tower,,small_airport,47.818154,-92.286099,1369,NA,US,,no,,,K12D,12D,,https://en.wikipedia.org/wiki/Tower_Municipal_Airport,
K12N,Aeroflex-Andover Airport,US-NJ,NJ,New Jersey,Andover,,small_airport,41.008598,-74.737999,583,NA,US,,no,,,,12N,https://www.andoverflight.com/airport.php,https://en.wikipedia.org/wiki/Aeroflex%E2%80%93Andover_Airport,
K12V,Ona Airpark,US-WV,WV,West Virginia,Milton,,small_airport,38.4408989,-82.20079803,572,NA,US,,no,,,K12V,12V,,,
K14A,Lake Norman Airpark,US-NC,NC,North Carolina,Mooresville,,small_airport,35.61299896,-80.8993988,839,NA,US,,no,,,K14A,14A,,,
K14G,Fremont Airport,US-OH,OH,Ohio,Fremont,,small_airport,41.333099,-83.161201,663,NA,US,,no,,,K14G,14G,,https://en.wikipedia.org/wiki/Fremont_Airport,
K15J,Cook County Airport,US-GA,GA,Georgia,Adel,,small_airport,31.1378,-83.4533,236,NA,US,,no,,,15J,15J,,https://en.wikipedia.org/wiki/Cook_County_Airport,
K16G,Seneca County Airport,US-OH,OH,Ohio,Tiffin,,small_airport,41.094101,-83.212502,786,NA,US,,no,,,K16G,16G,,https://en.wikipedia.org/wiki/Seneca_County_Airport,
K16J,Dawson Municipal Airport,US-GA,GA,Georgia,Dawson,,small_airport,31.743299,-84.419296,333,NA,US,,no,,,,16J,,,
K17G,Port Bucyrus-Crawford County Airport,US-OH,OH,Ohio,Bucyrus,,small_airport,40.781803,-82.974408,1003,NA,US,,no,,,,17G,https://www.cityofbucyrusoh.us/port-bucyrus-crawford-county-airport,https://en.wikipedia.org/wiki/Port_Bucyrus-Crawford_County_Airport,
K17N,Cross Keys Airport,US-NJ,NJ,New Jersey,Cross Keys,,small_airport,39.705502,-75.032997,162,NA,US,,no,,,K17N,17N,,https://en.wikipedia.org/wiki/Cross_Keys_Airport,
K18A,Franklin County Airport,US-GA,GA,Georgia,Canon,,small_airport,34.340099,-83.133499,890,NA,US,,no,,,K18A,18A,,https://en.wikipedia.org/wiki/Franklin_County_Airport_(Georgia),
K1A0,Dallas Bay Sky Park Airport,US-TN,TN,Tennessee,Hixson,,small_airport,35.18797,-85.176755,690,NA,US,,no,,,1AA0,1AA0,,https://en.wikipedia.org/wiki/Dallas_Bay_Skypark,1A0
K1A5,Macon County Airport,US-NC,NC,North Carolina,Franklin,,small_airport,35.22259903,-83.41899872,2020,NA,US,,no,,,K1A5,1A5,,https://en.wikipedia.org/wiki/Macon_County_Airport,
K1A9,Prattville - Grouby Field,US-AL,AL,Alabama,Prattville,,small_airport,32.438702,-86.512703,225,NA,US,,no,,,K1A9,1A9,,https://en.wikipedia.org/wiki/Prattville%E2%80%93Grouby_Field,Autauga County
K1B1,Columbia County Airport,US-NY,NY,New York,Hudson,,small_airport,42.291302,-73.710297,198,NA,US,,no,,HCC,K1B1,1B1,,https://en.wikipedia.org/wiki/Columbia_County_Airport,
K1BT,Bonne Terre Municipal Airport,US-MO,MO,Missouri,Bonne Terre,,small_airport,37.919055,-90.57525,922,NA,US,,no,,,K1BT,1BT,,,
K1C5,Bolingbrook's Clow International Airport,US-IL,IL,Illinois,Bolingbrook,,small_airport,41.69599915,-88.1292038,670,NA,US,,no,,,K1C5,1C5,,https://en.wikipedia.org/wiki/Bolingbrook's_Clow_International_Airport,
K1G0,Wood County Airport,US-OH,OH,Ohio,Bowling Green,,small_airport,41.390999,-83.630096,673,NA,US,,no,,,K1G0,1G0,,https://en.wikipedia.org/wiki/Wood_County_Airport_(Ohio),
K1G3,Kent State University Airport,US-OH,OH,Ohio,Kent,,small_airport,41.151402,-81.4151,1134,NA,US,,no,,,K1G3,1G3,,https://en.wikipedia.org/wiki/Kent_State_University_Airport,
K1G5,Medina Municipal Airport,US-OH,OH,Ohio,Medina,,small_airport,41.131401,-81.7649,1190,NA,US,,no,,,K1G5,1G5,,https://en.wikipedia.org/wiki/Medina_Municipal_Airport,Freedom Field
K1H0,Creve Coeur Airport,US-MO,MO,Missouri,St Louis,,small_airport,38.726799,-90.508301,463,NA,US,,no,,,K1H0,1H0,https://www.crevecoeurairport.com/,https://en.wikipedia.org/wiki/Creve_Coeur_Airport,
K1L3,Searchlight Airport,US-NV,NV,Nevada,Searchlight,,small_airport,35.44440079,-114.9089966,3410,NA,US,,no,,,K1L3,1L3,,https://en.wikipedia.org/wiki/Searchlight_Airport,
K1L8,General Dick Stout Field,US-UT,UT,Utah,Hurricane,,small_airport,37.138901,-113.306,3347,NA,US,,no,,,K1L8,1L8,,https://en.wikipedia.org/wiki/Hurricane_Municipal_Airport,
K1N7,Blairstown Airport,US-NJ,NJ,New Jersey,Blairstown,,small_airport,40.9711,-74.997498,372,NA,US,,no,,,1N7,1N7,,https://en.wikipedia.org/wiki/Blairstown_Airport,
K1V2,Grant County Airport,US-NE,NE,Nebraska,Hyannis,,small_airport,42.010036,-101.77007,3710,NA,US,,no,,,1V2,1V2,,https://en.wikipedia.org/wiki/Grant_County_Airport_(Nebraska),
K20N,Kingston-Ulster Airport,US-NY,NY,New York,Kingston,,small_airport,41.985298,-73.964104,149,NA,US,,no,,,K20N,20N,,https://en.wikipedia.org/wiki/Kingston%E2%80%93Ulster_Airport,
K21D,Lake Elmo Airport,US-MN,MN,Minnesota,St Paul,,small_airport,44.99750137,-92.85569763,933,NA,US,,no,,,K21D,21D,,https://en.wikipedia.org/wiki/Lake_Elmo_Airport,
K22N,Jake Arner Memorial Airport,US-PA,PA,Pennsylvania,Lehighton,,small_airport,40.809502,-75.761497,534,NA,US,,no,,,K22N,22N,,https://en.wikipedia.org/wiki/Jake_Arner_Memorial_Airport,
K27K,Georgetown-Scott County Regional Airport,US-KY,KY,Kentucky,Georgetown,,small_airport,38.234405,-84.434702,947,NA,US,,no,,,K27K,27K,http://georgetownscottcountyairport.com/,https://en.wikipedia.org/wiki/Georgetown-Scott_County_Airport,Georgetown Scott County - Marshall Field
K28J,Palatka Municipal - Lt. Kay Larkin Field,US-FL,FL,Florida,Palatka,,small_airport,29.6586,-81.688904,48,NA,US,,no,,,K28J,28J,,https://en.wikipedia.org/wiki/Palatka_Municipal_Airport,
K29D,Grove City Airport,US-PA,PA,Pennsylvania,Grove City,,small_airport,41.146,-80.167702,1371,NA,US,,no,,,K29D,29D,,https://en.wikipedia.org/wiki/Grove_City_Airport,
K2B7,Pittsfield Municipal Airport,US-ME,ME,Maine,Pittsfield,,small_airport,44.768501,-69.374397,198,NA,US,,no,,,,2B7,http://web.archive.org/web/20210627105317/http://www.maine.gov/mdot/aviation/docs/airportmasterplans/Pittsfield_AMPU-2017.pdf,https://en.wikipedia.org/wiki/Pittsfield_Municipal_Airport_(Maine),
K2G2,Jefferson County Airpark,US-OH,OH,Ohio,Steubenville,,small_airport,40.359402,-80.700104,1196,NA,US,,no,,,K2G2,2G2,,https://en.wikipedia.org/wiki/Jefferson_County_Airpark,
K2GC,Grays Creek Airport,US-NC,NC,North Carolina,Fayetteville,,small_airport,34.8937,-78.843498,160,NA,US,,no,,,,2GC,,,
K2H2,Jerry Sumners Sr Aurora Municipal Airport,US-MO,MO,Missouri,Aurora,,small_airport,36.962299,-93.695297,1434,NA,US,,no,,,K2H2,2H2,,https://en.wikipedia.org/wiki/Jerry_Sumners_Sr._Aurora_Municipal_Airport,
K2L0,Pineville Municipal Airport,US-LA,LA,Louisiana,Pineville,,small_airport,31.341931,-92.4436,100,NA,US,,no,,,,2L0,http://www.pineville.net/department/?fDD=14-0,,9LA6
K2O3,Angwin Airport-Parrett Field,US-CA,CA,California,Angwin,,small_airport,38.578499,-122.434998,1875,NA,US,,no,,,,2O3,,https://en.wikipedia.org/wiki/Angwin%E2%80%93Parrett_Field,
K2R2,Hendricks County Gordon Graham Field,US-IN,IN,Indiana,Indianapolis,,small_airport,39.7481,-86.473801,897,NA,US,,no,,,K2R2,2R2,,https://en.wikipedia.org/wiki/Hendricks_County_Airport,
K2R4,Peter Prince Field,US-FL,FL,Florida,Milton,,small_airport,30.6376,-86.993698,82,NA,US,,no,,,K2R4,2R4,,https://en.wikipedia.org/wiki/Peter_Prince_Field,
K2R9,Kenedy Regional Airport,US-TX,TX,Texas,Kenedy,,small_airport,28.825001,-97.865601,289,NA,US,,no,,,,2R9,,,Karnes County
K2W6,St. Mary's County Regional Airport,US-MD,MD,Maryland,California,,small_airport,38.315399,-76.550102,142,NA,US,,no,,LTW,,2W6,,https://en.wikipedia.org/wiki/St._Mary's_County_Regional_Airport,
K32S,Stevensville Airport,US-MT,MT,Montana,Stevensville,,small_airport,46.525101,-114.053001,3610,NA,US,,no,,,K32S,32S,,https://en.wikipedia.org/wiki/Stevensville_Airport,
K33N,Delaware Airpark,US-DE,DE,Delaware,Dover/Cheswold,,small_airport,39.21874,-75.600424,56,NA,US,,no,,,K33N,33N,,https://en.wikipedia.org/wiki/Delaware_Airpark,
K38D,Salem Airpark Inc Airport,US-OH,OH,Ohio,Salem,,small_airport,40.948101,-80.862099,1162,NA,US,,no,,,K38D,38D,,https://en.wikipedia.org/wiki/Salem_Airpark,
K39N,Princeton Airport,US-NJ,NJ,New Jersey,Princeton/Rocky Hill,,small_airport,40.39920044,-74.6588974,128,NA,US,,no,,PCT,39N,39N,http://www.princetonairport.com/recent-history/,https://en.wikipedia.org/wiki/Princeton_Airport_(New_Jersey),
K3AU,Augusta Municipal Airport,US-KS,KS,Kansas,Augusta,,small_airport,37.6716,-97.077904,1328,NA,US,,no,,,K3AU,3AU,,https://en.wikipedia.org/wiki/Augusta_Municipal_Airport,
K3B0,Southbridge Municipal Airport,US-MA,MA,Massachusetts,Southbridge,,small_airport,42.10089874,-72.03839874,699,NA,US,,no,,,K3B0,3B0,,https://en.wikipedia.org/wiki/Southbridge_Municipal_Airport,
K3BS,Jack Barstow Airport,US-MI,MI,Michigan,Midland,,small_airport,43.663054,-84.258606,635,NA,US,,no,,,KIKW,IKW,,https://en.wikipedia.org/wiki/Jack_Barstow_Municipal_Airport,3BS
K3CK,Lake in the Hills Airport,US-IL,IL,Illinois,Chicago/Lake in the Hills,,small_airport,42.206799,-88.322998,888,NA,US,,no,,,K3CK,3CK,,https://en.wikipedia.org/wiki/Lake_in_the_Hills_Airport,
K3F9,Mineola Wisener Field,US-TX,TX,Texas,Mineola,,small_airport,32.676701,-95.510803,429,NA,US,,no,,,K3F9,3F9,,https://en.wikipedia.org/wiki/Mineola_Airport,
K3G3,Wadsworth Municipal Airport,US-OH,OH,Ohio,Wadsworth,,small_airport,41.003101,-81.7565,974,NA,US,,no,,,K3G3,3G3,,https://en.wikipedia.org/wiki/Wadsworth_Municipal_Airport,
K3G4,Ashland County Airport,US-OH,OH,Ohio,Ashland,,small_airport,40.903,-82.2556,1206,NA,US,,no,,,3G4,3G4,,https://en.wikipedia.org/wiki/Ashland_County_Airport,
K3GM,Grand Haven Memorial Airpark,US-MI,MI,Michigan,Grand Haven,,small_airport,43.034,-86.198196,604,NA,US,,no,,,K3GM,3GM,,https://en.wikipedia.org/wiki/Grand_Haven_Memorial_Airpark,
K3HO,Hobart Sky Ranch Airport,US-IN,IN,Indiana,Hobart,,small_airport,41.55419922,-87.26249695,644,NA,US,,no,,,K3HO,3HO,,https://en.wikipedia.org/wiki/Hobart_Sky_Ranch_Airport,
K3I2,Mason County Airport,US-WV,WV,West Virginia,Point Pleasant,,small_airport,38.9146,-82.098602,643,NA,US,,no,,,K3I2,3I2,,https://en.wikipedia.org/wiki/Mason_County_Airport_(West_Virginia),
K3I3,Sky King Airport,US-IN,IN,Indiana,Terre Haute,,small_airport,39.547223,-87.378623,496,NA,US,,no,,,K3I3,3I3,,https://en.wikipedia.org/wiki/Sky_King_Airport,
K3I7,Dayton-Phillipsburg Airport,US-OH,OH,Ohio,Phillipsburg,,small_airport,39.913305,-84.400398,1031,NA,US,,no,,,,3I7,,,
K3J7,Greene County Regional Airport,US-GA,GA,Georgia,Greensboro,,small_airport,33.598008,-83.138158,677,NA,US,,no,,,KCPP,CPP,,https://en.wikipedia.org/wiki/Greene_County_Regional_Airport,3J7
K3K6,St Louis Metro-East Airport/Shafer Field,US-IL,IL,Illinois,St Jacob,,small_airport,38.732899,-89.806602,477,NA,US,,no,,,IL48,IL48,,,3K6
K3MY,Mount Hawley Auxiliary Airport,US-IL,IL,Illinois,Peoria,,small_airport,40.7953,-89.613403,786,NA,US,,no,,,K3MY,3MY,,https://en.wikipedia.org/wiki/Mount_Hawley_Auxiliary_Airport,
K3N6,Old Bridge Airport,US-NJ,NJ,New Jersey,Old Bridge,,small_airport,40.329899,-74.346802,87,NA,US,,no,,,K3N6,3N6,,https://en.wikipedia.org/wiki/Old_Bridge_Airport,
K3S4,Illinois Valley Airport,US-OR,OR,Oregon,Cave Junction,,small_airport,42.10369873,-123.6819992,1394,NA,US,,no,,,3S4,3S4,http://www.co.josephine.or.us/Page.asp?NavID=1246,https://en.wikipedia.org/wiki/Illinois_Valley_Airport,Siskiyou Smokejumper Base
K3S8,Grants Pass Airport,US-OR,OR,Oregon,Grants Pass,,small_airport,42.510101,-123.388,1126,NA,US,,no,,GTP,,3S8,,https://en.wikipedia.org/wiki/Grants_Pass_Airport,Merlin
K41U,Manti-Ephraim Airport,US-UT,UT,Utah,Manti,,small_airport,39.32910156,-111.6149979,5500,NA,US,,no,,NTJ,41U,41U,,,
K42A,Melbourne Municipal John E Miller Field,US-AR,AR,Arkansas,Melbourne,,small_airport,36.070999,-91.830101,735,NA,US,,no,,,K42A,42A,,https://en.wikipedia.org/wiki/Melbourne_Municipal_Airport,
K42I,Parr Airport,US-OH,OH,Ohio,Zanesville,,small_airport,40.00699997,-82.01239777,790,NA,US,,no,,,K42I,42I,,,
K42J,Keystone Heights Airport,US-FL,FL,Florida,Keystone Heights,,small_airport,29.8447,-82.047501,196,NA,US,,no,,,,42J,https://keystoneairport.com/,https://en.wikipedia.org/wiki/Keystone_Heights_Airport,Keystone Airpark
K44C,Beloit Airport,US-WI,WI,Wisconsin,Beloit,,small_airport,42.497799,-88.967598,817,NA,US,,no,,,K44C,44C,,https://en.wikipedia.org/wiki/Beloit_Airport,
K45R,Hawthorne Field,US-TX,TX,Texas,Kountze/Silsbee,,small_airport,30.3362999,-94.25749969,71,NA,US,,no,,,K45R,45R,,,
K46U,Alpine Airport,US-WY,WY,Wyoming,Alpine,,small_airport,43.181876,-111.038657,5634,NA,US,,no,,,46U,46U,,,
K47N,Central Jersey Regional Airport,US-NJ,NJ,New Jersey,Manville,,small_airport,40.5243988,-74.5983963,86,NA,US,,no,,JVI,47N,47N,http://www.centraljerseyairport.com/,https://en.wikipedia.org/wiki/Central_Jersey_Regional_Airport,Kupper Airport
K48D,Clare Municipal Airport,US-MI,MI,Michigan,Clare,,small_airport,43.834499,-84.740196,857,NA,US,,no,,,K48D,48D,,https://en.wikipedia.org/wiki/Clare_Municipal_Airport,
K4A4,Polk County Airport- Cornelius Moore Field,US-GA,GA,Georgia,Cedartown,,small_airport,34.01869965,-85.14649963,974,NA,US,,no,,,K4A4,4A4,,,
K4B8,Robertson Field,US-CT,CT,Connecticut,Plainville,,small_airport,41.69039917,-72.8647995,200,NA,US,,no,,,K4B8,4B8,,https://en.wikipedia.org/wiki/Robertson_Field,
K4D0,Abrams Municipal Airport,US-MI,MI,Michigan,Grand Ledge,,small_airport,42.775202,-84.736378,842,NA,US,,no,,,K4D0,4D0,,https://en.wikipedia.org/wiki/Abrams_Municipal_Airport,
K4G4,Youngstown Elser Metro Airport,US-OH,OH,Ohio,Youngstown,,small_airport,40.9618,-80.677299,1070,NA,US,,no,,,,4G4,,https://en.wikipedia.org/wiki/Youngstown_Elser_Metro_Airport,
K4G5,Monroe County Airport,US-OH,OH,Ohio,Woodsfield,,small_airport,39.778999,-81.102798,1197,NA,US,,no,,,K4G5,4G5,,https://en.wikipedia.org/wiki/Monroe_County_Airport_(Ohio),
K4G8,Columbia Airport,US-OH,OH,Ohio,Columbia Station,,small_airport,41.318802,-81.960197,813,NA,US,,no,,,K4G8,4G8,,https://en.wikipedia.org/wiki/Columbia_Airport_(Ohio),
K4M1,Carroll County Airport,US-AR,AR,Arkansas,Berryville,,small_airport,36.381302,-93.624603,1205,NA,US,,no,,,K4M1,4M1,,https://en.wikipedia.org/wiki/Carroll_County_Airport_(Arkansas),
K4M3,Carlisle Municipal Airport,US-AR,AR,Arkansas,Carlisle,,small_airport,34.808201,-91.712097,241,NA,US,,no,,,K4M3,4M3,,https://en.wikipedia.org/wiki/Carlisle_Municipal_Airport,
K4N1,Greenwood Lake Airport,US-NJ,NJ,New Jersey,West Milford,,small_airport,41.12820053,-74.34670258,791,NA,US,,no,,,4N1,4N1,,https://en.wikipedia.org/wiki/Greenwood_Lake_Airport,
K4R7,Eunice Airport,US-LA,LA,Louisiana,Eunice,,small_airport,30.46629906,-92.42379761,42,NA,US,,no,,UCE,4R7,4R7,,,
K4S2,Ken Jernstedt Airfield,US-OR,OR,Oregon,Hood River,,small_airport,45.67259979,-121.5360031,631,NA,US,,no,,,K4S2,4S2,,https://en.wikipedia.org/wiki/Ken_Jernstedt_Airfield,
K4V0,Rangely Airport,US-CO,CO,Colorado,Rangely,,small_airport,40.094002,-108.763,5275,NA,US,,no,,,K4V0,4V0,,,
K50R,Lockhart Municipal Airport,US-TX,TX,Texas,Lockhart,,small_airport,29.85029984,-97.67240143,532,NA,US,,no,,,K50R,50R,,,
K52A,Madison Municipal Airport,US-GA,GA,Georgia,Madison,,small_airport,33.612099,-83.460403,694,NA,US,,no,,,52A,52A,,https://en.wikipedia.org/wiki/Madison_Municipal_Airport_(Georgia),
K52F,Aero Valley Airport,US-TX,TX,Texas,Roanoke,,small_airport,33.051575,-97.232051,643,NA,US,,no,,,K52F,52F,https://www.fly52f.org/,https://en.wikipedia.org/wiki/Northwest_Regional_Airport_(Texas),Northwest Regional
K55J,Fernandina Beach Municipal Airport,US-FL,FL,Florida,Fernandina Beach,,small_airport,30.611799,-81.461197,16,NA,US,,no,,,KFHB,FHB,http://www.fbfl.us/index.aspx?NID=66,https://en.wikipedia.org/wiki/Fernandina_Beach_Municipal_Airport,55J
K55Y,Rushford Municipal Airport - Robert W Bunke Field,US-MN,MN,Minnesota,Rushford,,small_airport,43.8158,-91.830101,1211,NA,US,,no,,,,55Y,http://www.rushford.govoffice.com/index.asp?SEC=E4507E08-19A6-48C3-B18E-862D748FF6CB&DE=66036454-0F79-4486-AA7A-E3D9801C3CB3&Typ,https://en.wikipedia.org/wiki/Rushford_Municipal_Airport,
K5B2,Saratoga County Airport,US-NY,NY,New York,Saratoga Springs,,small_airport,43.0513,-73.861198,434,NA,US,,no,,,K5B2,5B2,,https://en.wikipedia.org/wiki/Saratoga_County_Airport,
K5C1,Boerne Stage Field,US-TX,TX,Texas,Boerne,,small_airport,29.7239,-98.694603,1385,NA,US,,no,,,K5C1,5C1,https://boernestageairfield.com/,,San Antonio
K5F1,Post Garza County Municipal Airport,US-TX,TX,Texas,Post,,small_airport,33.201853,-101.337118,2545,NA,US,,no,,,K5F1,5F1,,,
K5G7,Bluffton Airport,US-OH,OH,Ohio,Bluffton,,small_airport,40.885399,-83.868599,851,NA,US,,no,,,,5G7,,https://en.wikipedia.org/wiki/Bluffton_Airport,
K5I4,Sheridan Airport,US-IN,IN,Indiana,Sheridan,,small_airport,40.177898,-86.2173,936,NA,US,,no,,,K5I4,5I4,,https://en.wikipedia.org/wiki/Sheridan_Airport,
K5M0,Hartselle-Morgan County Regional Airport,US-AL,AL,Alabama,Hartselle,,small_airport,34.408234,-86.932951,628,NA,US,,no,,,K5M0,5M0,,https://en.wikipedia.org/wiki/Hartselle%E2%80%93Morgan_County_Regional_Airport,
K5R4,Foley Municipal Airport,US-AL,AL,Alabama,Foley,,small_airport,30.427693,-87.700971,74,NA,US,,no,,,K5R4,5R4,,https://en.wikipedia.org/wiki/Foley_Municipal_Airport,
K5T6,Doña Ana County International Jetport,US-NM,NM,New Mexico,Santa Teresa,,small_airport,31.881001,-106.705002,4112,NA,US,,no,,,KDNA,DNA,https://www.donaanacounty.org/works/airport,https://en.wikipedia.org/wiki/Do%C3%B1a_Ana_County_International_Jetport,"5T6, Dona Ana County At Santa Teresa Airport"
K60J,Odell Williamson Municipal Airport,US-NC,NC,North Carolina,Ocean Isle Beach,,small_airport,33.90850067,-78.43669891,32,NA,US,,no,,,K60J,60J,,,
K61B,Boulder City Municipal Airport,US-NV,NV,Nevada,Boulder City,,medium_airport,35.947161,-114.858799,2201,NA,US,,yes,,BLD,KBVU,BVU,,https://en.wikipedia.org/wiki/Boulder_City_Municipal_Airport,61B
K64,Vinland Valley Aerodrome,US-KS,KS,Kansas,Baldwin City,,small_airport,38.83750153,-95.18219757,890,NA,US,,no,,,K64,K64,,,
K65S,Boundary County Airport,US-ID,ID,Idaho,Bonners Ferry,,small_airport,48.7258,-116.294998,2337,NA,US,,no,,,,65S,,https://en.wikipedia.org/wiki/Boundary_County_Airport,
K66Y,Diamondhead Airport,US-MS,MS,Mississippi,Diamondhead,,small_airport,30.363001,-89.387703,14,NA,US,,no,,,,66Y,,,
K67L,Mesquite International Airport,US-NV,NV,Nevada,Mesquite,,medium_airport,36.833105,-114.055928,1978,NA,US,,no,,MFH,,67L,http://www.cityofmesquite.com/457/Airport-Mesquite-Metro-Airport,https://en.wikipedia.org/wiki/Mesquite_Airport,
K68S,Davenport Municipal Airport,US-WA,WA,Washington,Davenport,,small_airport,47.652058,-118.173792,2421,NA,US,,no,,,K68S,68S,,https://en.wikipedia.org/wiki/Davenport_Municipal_Airport_(Washington),
K69V,Huntington Municipal Airport,US-UT,UT,Utah,Huntington,,small_airport,39.361198,-110.917,5915,NA,US,,no,,,,69V,,https://en.wikipedia.org/wiki/Huntington_Municipal_Airport_(Utah),
K6A2,Griffin Spalding County Airport,US-GA,GA,Georgia,Griffin,,small_airport,33.227001,-84.274902,958,NA,US,,no,,,K6A2,6A2,,,
K6I4,Boone County Airport,US-IN,IN,Indiana,Lebanon,,small_airport,40.007301,-86.440598,959,NA,US,,no,,,K6I4,6I4,,https://en.wikipedia.org/wiki/Boone_County_Airport_(Indiana),
K6R3,Cleveland Municipal Airport,US-TX,TX,Texas,Cleveland,,small_airport,30.3564,-95.008003,150,NA,US,,no,,,,6R3,,https://en.wikipedia.org/wiki/Cleveland_Municipal_Airport_(Texas),
K6S2,Florence Municipal Airport,US-OR,OR,Oregon,Florence,,small_airport,43.98279953,-124.1110001,51,NA,US,,no,,FMU,,6S2,http://www.ci.florence.or.us/airport,https://en.wikipedia.org/wiki/Florence_Municipal_Airport,
K6S5,Ravalli County Airport,US-MT,MT,Montana,Hamilton,,small_airport,46.251499,-114.125569,3642,NA,US,,no,,,KHRF,HRF,,,6S5
K71J,Ozark-Blackwell Field,US-AL,AL,Alabama,Ozark,,small_airport,31.431812,-85.620568,356,NA,US,,no,,,K71U,71J,,https://en.wikipedia.org/wiki/Blackwell_Field,
K76F,Van Zandt County Regional Airport,US-TX,TX,Texas,Wills Point,,medium_airport,32.681499,-95.9841,518,NA,US,,no,,,K76F,76F,,https://en.wikipedia.org/wiki/Van_Zandt_County_Regional_Airport,
K77S,Hobby Field,US-OR,OR,Oregon,Creswell,,small_airport,43.93080139,-123.0070038,538,NA,US,,no,,,K77S,77S,,https://en.wikipedia.org/wiki/Hobby_Field,
K78,Abilene Municipal Airport,US-KS,KS,Kansas,Abilene,,small_airport,38.904099,-97.235901,1152,NA,US,,no,,,,K78,http://www.abilenecityhall.com/index.aspx?NID=379,https://en.wikipedia.org/wiki/Abilene_Municipal_Airport,
K7B2,Northampton Airport,US-MA,MA,Massachusetts,Northampton,,small_airport,42.328098,-72.611397,121,NA,US,,no,,,,7B2,http://www.northamptonairport.com/,https://en.wikipedia.org/wiki/Northampton_Airport,
K7B6,Skylark Airpark,US-CT,CT,Connecticut,Warehouse Point,,small_airport,41.929298,-72.574501,120,NA,US,,no,,,K7B6,7B6,,https://en.wikipedia.org/wiki/Skylark_Airpark,
K7S5,Independence State Airport,US-OR,OR,Oregon,Independence,,small_airport,44.86700058,-123.197998,180,NA,US,,no,,,K7S5,7S5,,https://en.wikipedia.org/wiki/Independence_State_Airport,
K7S9,Lenhardt Airpark,US-OR,OR,Oregon,Hubbard,,small_airport,45.18040085,-122.7429962,165,NA,US,,no,,,K7S9,7S9,,https://en.wikipedia.org/wiki/Lenhardt_Airpark,
K82A,Marion County Airport,US-GA,GA,Georgia,Buena Vista,,small_airport,32.282398,-84.503502,682,NA,US,,no,,,K82A,82A,,https://en.wikipedia.org/wiki/Marion_County_Airport_(Georgia),
K82C,Mauston New Lisbon Union Airport,US-WI,WI,Wisconsin,New Lisbon,,small_airport,43.838699,-90.137703,906,NA,US,,no,,,K82C,82C,,https://en.wikipedia.org/wiki/Mauston%E2%80%93New_Lisbon_Union_Airport,
K8A0,Albertville Regional Airport/Thomas J Brumlik Field,US-AL,AL,Alabama,Albertville,,small_airport,34.229099,-86.255798,1032,NA,US,,no,KBFZ,,KBFZ,BFZ,http://albertvilleaviation.biz/,https://en.wikipedia.org/wiki/Albertville_Regional_Airport,8A0
K8B0,Steven A. Bean Municipal Airport,US-ME,ME,Maine,Rangeley,,small_airport,44.991902,-70.664597,1825,NA,US,,no,,,,8B0,,https://en.wikipedia.org/wiki/Steven_A._Bean_Municipal_Airport,
K8S1,Polson Airport,US-MT,MT,Montana,Polson,,small_airport,47.6954,-114.184998,2941,NA,US,,no,,,K8S1,8S1,,https://en.wikipedia.org/wiki/Polson_Airport,
K8Y6,Leaders Clear Lake Airport,US-MN,MN,Minnesota,Clear Lake,,small_airport,45.443693,-93.970343,990,NA,US,,no,,,K8Y6,8Y6,,,
K93C,Richland Airport,US-WI,WI,Wisconsin,Richland Center,,small_airport,43.283401,-90.298302,742,NA,US,,no,,,K93C,93C,,https://en.wikipedia.org/wiki/Richland_Airport_(Wisconsin),
K9A1,Covington Municipal Airport,US-GA,GA,Georgia,Covington,,small_airport,33.63249969,-83.84960175,809,NA,US,,no,,,KCVC,CVC,http://www.covingtonmunicipalairport.com/about-us,https://en.wikipedia.org/wiki/Covington_Municipal_Airport_(Georgia),9A1
K9A4,Courtland Airport,US-AL,AL,Alabama,Courtland,,small_airport,34.659028,-87.350206,588,NA,US,,no,,,K9A4,9A4,,https://en.wikipedia.org/wiki/Courtland_Airport,"Courtland Army Airfield, Lawrence County Airport"
K9D9,Hastings Airport,US-MI,MI,Michigan,Hastings,,small_airport,42.663601,-85.346298,801,NA,US,,no,,,K9D9,9D9,,https://en.wikipedia.org/wiki/Hastings_Airport_(Michigan),
K9F9,Sycamore Strip,US-TX,TX,Texas,Fort Worth,,small_airport,32.62850189,-97.35359955,760,NA,US,,no,,,K9F9,9F9,,https://en.wikipedia.org/wiki/Sycamore_Strip_Airport,
K9S5,Three Forks Airport,US-MT,MT,Montana,Three Forks,,small_airport,45.878101,-111.569,4089,NA,US,,no,,,K9S5,9S5,,https://en.wikipedia.org/wiki/Three_Forks_Airport,
KAAF,Apalachicola Regional Airport,US-FL,FL,Florida,Apalachicola,,small_airport,29.727501,-85.027496,20,NA,US,,no,KAAF,AAF,KAAF,AAF,,https://en.wikipedia.org/wiki/Apalachicola_Municipal_Airport,"AQQ, KAQQ"
KAAO,Colonel James Jabara Airport,US-KS,KS,Kansas,Wichita,,small_airport,37.74760056,-97.22109985,1421,NA,US,,no,,,KAAO,AAO,,https://en.wikipedia.org/wiki/Colonel_James_Jabara_Airport,
KAAS,Taylor County Airport,US-KY,KY,Kentucky,Campbellsville,,small_airport,37.358254,-85.309434,921,NA,US,,no,,,KAAS,AAS,https://taylorcountyky.gov/airport,https://en.wikipedia.org/wiki/Taylor_County_Airport_(Kentucky),
KABE,Lehigh Valley International Airport,US-PA,PA,Pennsylvania,Allentown,,medium_airport,40.651773,-75.442797,393,NA,US,,yes,KABE,ABE,KABE,ABE,,https://en.wikipedia.org/wiki/Lehigh_Valley_International_Airport,
KABI,Abilene Regional Airport,US-TX,TX,Texas,Abilene,,medium_airport,32.41130066,-99.68190002,1791,NA,US,,yes,KABI,ABI,KABI,ABI,,https://en.wikipedia.org/wiki/Abilene_Regional_Airport,
KABQ,Albuquerque International Sunport,US-NM,NM,New Mexico,Albuquerque,,large_airport,35.039976,-106.608925,5355,NA,US,,yes,KABQ,ABQ,KABQ,ABQ,http://www.abqsunport.com/,https://en.wikipedia.org/wiki/Albuquerque_International_Sunport,
KABR,Aberdeen Regional Airport,US-SD,SD,South Dakota,Aberdeen,,medium_airport,45.44910049,-98.42179871,1302,NA,US,,yes,KABR,ABR,KABR,ABR,,https://en.wikipedia.org/wiki/Aberdeen_Regional_Airport,
KACT,Waco Regional Airport,US-TX,TX,Texas,Waco,,medium_airport,31.61129951,-97.23049927,516,NA,US,,yes,KACT,ACT,KACT,ACT,,https://en.wikipedia.org/wiki/Waco_Regional_Airport,
KADG,Lenawee County Airport,US-MI,MI,Michigan,Adrian,,small_airport,41.866205,-84.077983,798,NA,US,,no,KADG,ADG,KADG,ADG,,https://en.wikipedia.org/wiki/Lenawee_County_Airport,
KADH,Ada Regional Airport,US-OK,OK,Oklahoma,Ada,,medium_airport,34.805214,-96.671988,1016,NA,US,,no,KADH,ADT,KADH,ADH,,https://en.wikipedia.org/wiki/Ada_Municipal_Airport,Ada Municipal
KADS,Addison Airport,US-TX,TX,Texas,Dallas,,small_airport,32.96860123,-96.83640289,644,NA,US,,no,KADS,ADS,KADS,ADS,,https://en.wikipedia.org/wiki/Addison_Airport,
KAEG,Double Eagle II Airport,US-NM,NM,New Mexico,Albuquerque,,small_airport,35.14519882,-106.7949982,5837,NA,US,,no,,,KAEG,AEG,,https://en.wikipedia.org/wiki/Double_Eagle_II_Airport,
KAEL,Albert Lea Municipal Airport,US-MN,MN,Minnesota,Albert Lea,,small_airport,43.68149948,-93.36720276,1260,NA,US,,no,KAEL,AEL,KAEL,AEL,,https://en.wikipedia.org/wiki/Albert_Lea_Municipal_Airport,
KAFF,USAF Academy Airfield,US-CO,CO,Colorado,Colorado Springs,,small_airport,38.972497,-104.821125,6572,NA,US,,no,KAFF,AFF,KAFF,AFF,,https://en.wikipedia.org/wiki/United_States_Air_Force_Academy_Airfield,
KAFK,Nebraska City Municipal Airport,US-NE,NE,Nebraska,Nebraska City,,small_airport,40.606899,-95.8657,1165,NA,US,,no,,,KAFK,AFK,,https://en.wikipedia.org/wiki/Nebraska_City_Municipal_Airport,
KAFO,Afton Municipal Airport,US-WY,WY,Wyoming,Afton,,small_airport,42.71120071,-110.9420013,6221,NA,US,,no,KAFO,AFO,KAFO,AFO,http://www.aftonairpark.com/,https://en.wikipedia.org/wiki/Afton_Municipal_Airport,
KAFW,Perot Field/Fort Worth Alliance Airport,US-TX,TX,Texas,Fort Worth,,medium_airport,32.99044,-97.31947,722,NA,US,,no,KAFW,AFW,KAFW,AFW,http://www.allianceairport.com/,https://en.wikipedia.org/wiki/Fort_Worth_Alliance_Airport,
KAGC,Allegheny County Airport,US-PA,PA,Pennsylvania,Pittsburgh,,medium_airport,40.354401,-79.930199,1252,NA,US,,no,KAGC,AGC,KAGC,AGC,,https://en.wikipedia.org/wiki/Allegheny_County_Airport,
KAGO,Magnolia Municipal Airport / Ralph C Weiser Field,US-AR,AR,Arkansas,Magnolia,,small_airport,33.228001,-93.217002,319,NA,US,,no,KAGO,AGO,KAGO,AGO,,https://en.wikipedia.org/wiki/Magnolia_Municipal_Airport,Magnolia Municipal
KAGS,Augusta Regional At Bush Field,US-GA,GA,Georgia,Augusta,,medium_airport,33.3699,-81.9645,144,NA,US,,yes,KAGS,AGS,KAGS,AGS,,https://en.wikipedia.org/wiki/Augusta_Regional_Airport,
KAHN,Athens Ben Epps Airport,US-GA,GA,Georgia,Athens,,medium_airport,33.948842,-83.325634,808,NA,US,,no,KAHN,AHN,KAHN,AHN,,https://en.wikipedia.org/wiki/Athens-Ben_Epps_Airport,
KAIA,Alliance Municipal Airport,US-NE,NE,Nebraska,Alliance,,medium_airport,42.052543,-102.803965,3931,NA,US,,yes,KAIA,AIA,KAIA,AIA,,https://en.wikipedia.org/wiki/Alliance_Municipal_Airport,
KAIK,Aiken Regional Airport,US-SC,SC,South Carolina,Aiken,,small_airport,33.649399,-81.684998,528,NA,US,,no,KAIK,AIK,KAIK,AIK,,https://en.wikipedia.org/wiki/Aiken_Municipal_Airport,"Aiken Air Force Station, Aiken Municipal"
KAIT,Aitkin Municipal Airport Steve Kurtz Field,US-MN,MN,Minnesota,Aitkin,,small_airport,46.548401,-93.676804,1205,NA,US,,no,,,KAIT,AIT,,https://en.wikipedia.org/wiki/Aitkin_Municipal_Airport,
KAJG,Mount Carmel Municipal Airport,US-IL,IL,Illinois,Mount Carmel,,small_airport,38.606499,-87.7267,429,NA,US,,no,,,KAJG,AJG,,https://en.wikipedia.org/wiki/Mount_Carmel_Municipal_Airport,
KAJO,Corona Municipal Airport,US-CA,CA,California,Corona,,small_airport,33.897701,-117.601997,533,NA,US,,no,,,KAJO,AJO,https://www.coronaca.gov/government/departments-divisions/maintenance-services/corona-airport,https://en.wikipedia.org/wiki/Corona_Municipal_Airport,L66
KAJR,Habersham County Airport,US-GA,GA,Georgia,Cornelia,,small_airport,34.499901,-83.556702,1448,NA,US,,no,,,KAJR,AJR,https://www.habershamga.com/airport.cfm,https://en.wikipedia.org/wiki/Habersham_County_Airport,
KAJZ,Blake Field,US-CO,CO,Colorado,Delta,,small_airport,38.7864,-108.064003,5193,NA,US,,no,,,KAJZ,AJZ,https://www.colorado.com/airports/delta-blake-field-airport,,
KAKH,Gastonia Municipal Airport,US-NC,NC,North Carolina,Gastonia,,small_airport,35.202598,-81.149902,798,NA,US,,no,,,KAKH,AKH,http://www.gastoniaairport.com/,https://en.wikipedia.org/wiki/Gastonia_Municipal_Airport,0A6
KAKR,Akron Fulton International Airport,US-OH,OH,Ohio,Akron,,medium_airport,41.037355,-81.46784,1067,NA,US,,no,KAKR,AKC,KAKR,AKR,https://www.akronohio.gov/departments/service/engineering_bureau/akron_fulton_airport.php,https://en.wikipedia.org/wiki/Akron_Executive_Airport,"Akron Executive, NAS Akron."
KALM,Alamogordo White Sands Regional Airport,US-NM,NM,New Mexico,Alamogordo,,medium_airport,32.837818,-105.993149,4200,NA,US,,no,KALM,ALM,KALM,ALM,,https://en.wikipedia.org/wiki/Alamogordo-White_Sands_Regional_Airport,
KALO,Waterloo Regional Airport,US-IA,IA,Iowa,Waterloo,,medium_airport,42.55709839,-92.40029907,873,NA,US,,yes,KALO,ALO,KALO,ALO,,https://en.wikipedia.org/wiki/Waterloo_Regional_Airport,
KALW,Walla Walla Regional Airport,US-WA,WA,Washington,Walla Walla,,medium_airport,46.09489822,-118.288002,1194,NA,US,,yes,KALW,ALW,KALW,ALW,,https://en.wikipedia.org/wiki/Walla_Walla_Regional_Airport,
KALX,Thomas C Russell Field,US-AL,AL,Alabama,Alexander City,,small_airport,32.91469955,-85.96299744,686,NA,US,,no,KALX,ALX,KALX,ALX,,https://en.wikipedia.org/wiki/Thomas_C._Russell_Field,
KAMA,Rick Husband Amarillo International Airport,US-TX,TX,Texas,Amarillo,,medium_airport,35.219398,-101.706001,3607,NA,US,,yes,KAMA,AMA,KAMA,AMA,http://airport.amarillo.gov/,https://en.wikipedia.org/wiki/Rick_Husband_Amarillo_International_Airport,
KAMW,Ames Municipal Airport,US-IA,IA,Iowa,Ames,,small_airport,41.992001,-93.621803,956,NA,US,,no,KAMW,AMW,KAMW,AMW,,https://en.wikipedia.org/wiki/Ames_Municipal_Airport,
KANB,Anniston Regional Airport,US-AL,AL,Alabama,Anniston,,medium_airport,33.5882,-85.8581,612,NA,US,,no,KANB,ANB,KANB,ANB,,https://en.wikipedia.org/wiki/Anniston_Metropolitan_Airport,Anniston Metropolitan
KANE,Anoka County-Blaine (Janes Field) Airport,US-MN,MN,Minnesota,Minneapolis,,small_airport,45.145,-93.211401,912,NA,US,,no,,,KANE,ANE,,https://en.wikipedia.org/wiki/Anoka_County%E2%80%93Blaine_Airport,
KANP,Lee Airport,US-MD,MD,Maryland,Annapolis,,small_airport,38.942902,-76.568398,34,NA,US,,no,KANP,ANP,KANP,ANP,,https://en.wikipedia.org/wiki/Lee_Airport,
KAPA,Centennial Airport,US-CO,CO,Colorado,Denver,,medium_airport,39.57009888,-104.848999,5885,NA,US,,no,KAPA,APA,KAPA,APA,,https://en.wikipedia.org/wiki/Centennial_Airport,Arapahoe County Airport
KAPC,Napa County Airport,US-CA,CA,California,Napa,,small_airport,38.2132,-122.280998,35,NA,US,,no,KAPC,APC,KAPC,APC,http://www.napacountyairport.org/,https://en.wikipedia.org/wiki/Napa_County_Airport,
KAPF,Naples Municipal Airport,US-FL,FL,Florida,Naples,,medium_airport,26.15259933,-81.77529907,8,NA,US,,no,KAPF,APF,KAPF,APF,,https://en.wikipedia.org/wiki/Naples_Municipal_Airport,
KAPV,Apple Valley Airport,US-CA,CA,California,Apple Valley,,small_airport,34.57529831,-117.185997,3062,NA,US,,no,KAPV,APV,KAPV,APV,,https://en.wikipedia.org/wiki/Apple_Valley_Airport_(California),
KARA,Acadiana Regional Airport,US-LA,LA,Louisiana,New Iberia,,medium_airport,30.0378,-91.883904,24,NA,US,,no,KARA,ARA,KARA,ARA,http://www.flyiberiaparish.com/,https://en.wikipedia.org/wiki/Acadiana_Regional_Airport,
KARB,Ann Arbor Municipal Airport,US-MI,MI,Michigan,Ann Arbor,,small_airport,42.22299957,-83.74559784,839,NA,US,,no,KARB,ARB,KARB,ARB,,https://en.wikipedia.org/wiki/Ann_Arbor_Municipal_Airport,
KARR,Aurora Municipal Airport,US-IL,IL,Illinois,Chicago/Aurora,,small_airport,41.77190018,-88.47570038,712,NA,US,,no,KARR,AUZ,KARR,ARR,,https://en.wikipedia.org/wiki/Aurora_Municipal_Airport_(Illinois),
KART,Watertown International Airport,US-NY,NY,New York,Watertown,,medium_airport,43.991901,-76.021698,325,NA,US,,yes,KART,ART,KART,ART,,https://en.wikipedia.org/wiki/Watertown_International_Airport,
KARV,Lakeland Airport Noble F Lee Memorial Field,US-WI,WI,Wisconsin,Woodruff,,small_airport,45.927898,-89.730904,1629,NA,US,,no,KARV,ARV,KARV,ARV,,https://en.wikipedia.org/wiki/Lakeland_Airport,Minocqua
KARW,Beaufort Executive Airport,US-SC,SC,South Carolina,Beaufort,,small_airport,32.412201,-80.634399,10,NA,US,,no,KARW,BFT,KARW,ARW,,https://en.wikipedia.org/wiki/Beaufort_County_Airport,"73J, Beaufort County Airport, Frogmore International Airport"
KASE,Aspen-Pitkin County Airport (Sardy Field),US-CO,CO,Colorado,Aspen,,medium_airport,39.223202,-106.869003,7820,NA,US,,yes,KASE,ASE,KASE,ASE,http://aspenairport.com/,https://en.wikipedia.org/wiki/Aspen%E2%80%93Pitkin_County_Airport,
KASG,Springdale Municipal Airport,US-AR,AR,Arkansas,Springdale,,small_airport,36.17639923,-94.11930084,1353,NA,US,,no,KASG,SPZ,KASG,ASG,,https://en.wikipedia.org/wiki/Springdale_Municipal_Airport,
KASH,Nashua Airport / Boire Field,US-NH,NH,New Hampshire,Nashua,,small_airport,42.7817,-71.514801,199,NA,US,,no,KASH,ASH,KASH,ASH,,https://en.wikipedia.org/wiki/Nashua_Airport,
KASW,Warsaw Municipal Airport,US-IN,IN,Indiana,Warsaw,,small_airport,41.2747,-85.840103,850,NA,US,,no,,,KASW,ASW,,https://en.wikipedia.org/wiki/Warsaw_Municipal_Airport_(Indiana),
KASX,John F Kennedy Memorial Airport,US-WI,WI,Wisconsin,Ashland,,small_airport,46.54850006,-90.91899872,827,NA,US,,no,KASX,ASX,KASX,ASX,,https://en.wikipedia.org/wiki/John_F._Kennedy_Memorial_Airport,
KATL,Hartsfield Jackson Atlanta International Airport,US-GA,GA,Georgia,Atlanta,,large_airport,33.6367,-84.428101,1026,NA,US,,yes,KATL,ATL,KATL,ATL,http://www.atlanta-airport.com/,https://en.wikipedia.org/wiki/Hartsfield–Jackson_Atlanta_International_Airport,
KATW,Appleton International Airport,US-WI,WI,Wisconsin,Appleton,,medium_airport,44.258099,-88.519096,918,NA,US,,yes,KATW,ATW,KATW,ATW,http://atwairport.com/,https://en.wikipedia.org/wiki/Outagamie_County_Regional_Airport,Outagamie County Regional Airport
KATY,Watertown Regional Airport,US-SD,SD,South Dakota,Watertown,,medium_airport,44.91400146,-97.15470123,1749,NA,US,,yes,KATY,ATY,KATY,ATY,,https://en.wikipedia.org/wiki/Watertown_Regional_Airport,
KAUG,Augusta State Airport,US-ME,ME,Maine,Augusta,,medium_airport,44.3205986,-69.79730225,352,NA,US,,yes,KAUG,AUG,KAUG,AUG,,https://en.wikipedia.org/wiki/Augusta_State_Airport,
KAUM,Austin Municipal Airport,US-MN,MN,Minnesota,Austin,,small_airport,43.66500092,-92.93340302,1234,NA,US,,no,KAUM,AUM,KAUM,AUM,,https://en.wikipedia.org/wiki/Austin_Municipal_Airport,
KAUN,Auburn Municipal Airport,US-CA,CA,California,Auburn,,small_airport,38.95479965,-121.0820007,1539,NA,US,,no,KAUN,AUN,KAUN,AUN,,https://en.wikipedia.org/wiki/Auburn_Municipal_Airport,
KAUO,Auburn University Regional Airport,US-AL,AL,Alabama,Auburn,,small_airport,32.615101,-85.433998,777,NA,US,,no,KAUO,AUO,KAUO,AUO,,https://en.wikipedia.org/wiki/Auburn-Opelika_Robert_G._Pitts_Airport,Auburn–Opelika Robert G. Pitts Field
KAUS,Austin Bergstrom International Airport,US-TX,TX,Texas,Austin,,large_airport,30.197535,-97.662015,542,NA,US,,yes,KAUS,AUS,KAUS,AUS,http://www.ci.austin.tx.us/austinairport/,https://en.wikipedia.org/wiki/Austin-Bergstrom_International_Airport,"BSM, KBSM, Bergstrom AFB"
KAUW,Wausau Downtown Airport,US-WI,WI,Wisconsin,Wausau,,medium_airport,44.92620087,-89.62660217,1201,NA,US,,no,KAUW,AUW,KAUW,AUW,http://www.ci.wausau.wi.us/Departments/Airport/GeneralInformation.aspx,https://en.wikipedia.org/wiki/Wausau_Downtown_Airport,
KAVL,Asheville Regional Airport,US-NC,NC,North Carolina,Asheville,,medium_airport,35.436199,-82.541801,2165,NA,US,,yes,KAVL,AVL,KAVL,AVL,,https://en.wikipedia.org/wiki/Asheville_Regional_Airport,
KAVO,Avon Park Executive Airport,US-FL,FL,Florida,Avon Park,,small_airport,27.59119987,-81.52780151,160,NA,US,,no,KAVO,AVO,KAVO,AVO,,https://en.wikipedia.org/wiki/Avon_Park_Executive_Airport,
KAVP,Wilkes Barre Scranton International Airport,US-PA,PA,Pennsylvania,Wilkes-Barre/Scranton,,medium_airport,41.33850098,-75.7233963,962,NA,US,,yes,KAVP,AVP,KAVP,AVP,http://www.flyavp.com/,https://en.wikipedia.org/wiki/Wilkes-Barre/Scranton_International_Airport,
KAWM,West Memphis Municipal Airport,US-AR,AR,Arkansas,West Memphis,,small_airport,35.13510132,-90.23439789,212,NA,US,,no,KAWM,AWM,KAWM,AWM,,https://en.wikipedia.org/wiki/West_Memphis_Municipal_Airport,
KAXH,Houston Southwest Airport,US-TX,TX,Texas,Rosharon,,small_airport,29.5061,-95.476898,68,NA,US,,no,,,KAXH,AXH,http://houstonairport.com/,https://en.wikipedia.org/wiki/Houston_Southwest_Airport,Arcola
KAXN,Chandler Field,US-MN,MN,Minnesota,Alexandria,,medium_airport,45.866299,-95.394699,1425,NA,US,,no,KAXN,AXN,KAXN,AXN,,https://en.wikipedia.org/wiki/Alexandria_Municipal_Airport,
KAXQ,Clarion County Airport,US-PA,PA,Pennsylvania,Clarion,,small_airport,41.2258,-79.441002,1458,NA,US,,no,,,KAXQ,AXQ,https://www.clarionairport.com/,https://en.wikipedia.org/wiki/Clarion_County_Airport,
KAXS,Altus Quartz Mountain Regional Airport,US-OK,OK,Oklahoma,Altus,,small_airport,34.697952,-99.3385,1433,NA,US,,no,KAXS,AXS,KAXS,AXS,,https://en.wikipedia.org/wiki/Altus/Quartz_Mountain_Regional_Airport,
KAXV,Neil Armstrong Airport,US-OH,OH,Ohio,Wapakoneta,,small_airport,40.49340057,-84.29889679,913,NA,US,,no,KAXV,AXV,KAXV,AXV,,https://en.wikipedia.org/wiki/Neil_Armstrong_Airport,
KAZO,Kalamazoo Battle Creek International Airport,US-MI,MI,Michigan,Kalamazoo,,medium_airport,42.23490143,-85.55210114,874,NA,US,,yes,KAZO,AZO,KAZO,AZO,,https://en.wikipedia.org/wiki/Kalamazoo-Battle_Creek_International_Airport,
KB16,Whitfords Airport,US-NY,NY,New York,Weedsport,,small_airport,43.080299,-76.538399,400,NA,US,,no,,,KB16,B16,,https://en.wikipedia.org/wiki/Whitford%27s_Airport,
KB21,Sugarloaf Regional Airport,US-ME,ME,Maine,Carrabassett,,small_airport,45.085339,-70.216394,885,NA,US,,no,,,KB21,B21,,https://en.wikipedia.org/wiki/Sugarloaf_Regional_Airport,
KBAB,Beale Air Force Base,US-CA,CA,California,Beale Air Force Base,,medium_airport,39.136101,-121.436996,113,NA,US,,no,KBAB,BAB,KBAB,BAB,,https://en.wikipedia.org/wiki/Beale_Air_Force_Base,Marysville
KBAF,Westfield-Barnes Regional Airport,US-MA,MA,Massachusetts,Westfield,,medium_airport,42.157799,-72.715599,271,NA,US,,no,KBAF,BAF,KBAF,BAF,,https://en.wikipedia.org/wiki/Westfield-Barnes_Regional_Airport,"Barnes Municipal Airport, Springfield"
KBAZ,New Braunfels Municipal Airport,US-TX,TX,Texas,New Braunfels,,medium_airport,29.7045,-98.042198,651,NA,US,,no,KBAZ,,KBAZ,BAZ,https://www.nbtexas.org/2393/Airport---KBAZ,https://en.wikipedia.org/wiki/New_Braunfels_Regional_Airport,"3R5, Clear Springs AFB"
KBBB,Benson Municipal Airport,US-MN,MN,Minnesota,Benson,,small_airport,45.331902,-95.650597,1039,NA,US,,no,KBBB,BBB,KBBB,BBB,,https://en.wikipedia.org/wiki/Benson_Municipal_Airport_(Arizona),
KBCB,Virginia Tech Montgomery Executive Airport,US-VA,VA,Virginia,Blacksburg,,small_airport,37.20759964,-80.40779877,2132,NA,US,,no,KBCB,BCB,KBCB,BCB,http://www.vtbcb.com/index.php,https://en.wikipedia.org/wiki/Virginia_Tech_Montgomery_Executive_Airport,
KBCT,Boca Raton Airport,US-FL,FL,Florida,Boca Raton,,medium_airport,26.3785,-80.107697,13,NA,US,,no,KBCT,BCT,KBCT,BCT,,https://en.wikipedia.org/wiki/Boca_Raton_Airport,
KBDE,Baudette International Airport,US-MN,MN,Minnesota,Baudette,,medium_airport,48.72840118,-94.61219788,1086,NA,US,,no,KBDE,BDE,KBDE,BDE,,https://en.wikipedia.org/wiki/Baudette_International_Airport,
KBDN,Bend Municipal Airport,US-OR,OR,Oregon,Bend,,small_airport,44.09479904,-121.2009964,3460,NA,US,,no,,,KBDN,BDN,http://www.bend.or.us/index.aspx?page=47,https://en.wikipedia.org/wiki/Bend_Municipal_Airport,"KAEB, AEB, S07"
KBDR,Igor I Sikorsky Memorial Airport,US-CT,CT,Connecticut,Bridgeport,,medium_airport,41.163502,-73.126198,9,NA,US,,no,KBDR,BDR,KBDR,BDR,,https://en.wikipedia.org/wiki/Sikorsky_Memorial_Airport,
KBDU,Boulder Municipal Airport,US-CO,CO,Colorado,Boulder,,small_airport,40.039101,-105.226025,5288,NA,US,,no,KBDU,WBU,KBDU,BDU,http://www.bouldercolorado.gov/index.php?option=com_content&view=article&id=201&Itemid=740,https://en.wikipedia.org/wiki/Boulder_Municipal_Airport,1V5
KBEC,Beech Factory Airport,US-KS,KS,Kansas,Wichita,,small_airport,37.69449997,-97.21499634,1408,NA,US,,no,KBEC,BEC,KBEC,BEC,,https://en.wikipedia.org/wiki/Beech_Factory_Airport,
KBED,Laurence G Hanscom Field,US-MA,MA,Massachusetts,Bedford,,medium_airport,42.470001,-71.289001,133,NA,US,,yes,KBED,BED,KBED,BED,http://www.massport.com/hansc/,https://en.wikipedia.org/wiki/Hanscom_Field,Hanscom Air Force Base
KBFI,Boeing Field King County International Airport,US-WA,WA,Washington,Seattle,,medium_airport,47.529999,-122.302002,21,NA,US,,yes,KBFI,BFI,KBFI,BFI,,https://en.wikipedia.org/wiki/Boeing_Field,
KBFL,Meadows Field,US-CA,CA,California,Bakersfield,,medium_airport,35.433601,-119.056999,510,NA,US,,yes,KBFL,BFL,KBFL,BFL,,https://en.wikipedia.org/wiki/Meadows_Field_Airport,
KBGE,Decatur County Industrial Air Park,US-GA,GA,Georgia,Bainbridge,,small_airport,30.9715004,-84.63739777,141,NA,US,,no,KBGE,BGE,KBGE,BGE,http://bainbridgega.com/chamber/airport.shtml,https://en.wikipedia.org/wiki/Decatur_County_Industrial_Air_Park,
KBGM,Greater Binghamton/Edwin A Link field,US-NY,NY,New York,Binghamton,,medium_airport,42.20869827,-75.97979736,1636,NA,US,,yes,KBGM,BGM,KBGM,BGM,http://binghamtonairport.com/,https://en.wikipedia.org/wiki/Greater_Binghamton_Airport,"Broome County Airport, Edwin A Link Field"
KBHB,Hancock County-Bar Harbor Airport,US-ME,ME,Maine,Bar Harbor,,medium_airport,44.45000076,-68.3615036,83,NA,US,,yes,KBHB,BHB,KBHB,BHB,,https://en.wikipedia.org/wiki/Hancock_County-Bar_Harbor_Airport,
KBHC,Baxley Municipal Airport,US-GA,GA,Georgia,Baxley,,small_airport,31.71380043,-82.39379883,201,NA,US,,no,,,KBHC,BHC,,,
KBHM,Birmingham-Shuttlesworth International Airport,US-AL,AL,Alabama,Birmingham,,medium_airport,33.562901,-86.753502,650,NA,US,,yes,KBHM,BHM,KBHM,BHM,http://www.flybirmingham.com/,https://en.wikipedia.org/wiki/Birmingham_International_Airport_(US),
KBIE,Beatrice Municipal Airport,US-NE,NE,Nebraska,Beatrice,,small_airport,40.3013,-96.754097,1324,NA,US,,no,KBIE,BIE,KBIE,BIE,http://beatriceairport.com/,https://en.wikipedia.org/wiki/Beatrice_Municipal_Airport,
KBIL,Billings Logan International Airport,US-MT,MT,Montana,Billings,,medium_airport,45.807701,-108.542999,3652,NA,US,,yes,KBIL,BIL,KBIL,BIL,,https://en.wikipedia.org/wiki/Billings_Logan_International_Airport,
KBIS,Bismarck Municipal Airport,US-ND,ND,North Dakota,Bismarck,,medium_airport,46.77270126,-100.7460022,1661,NA,US,,yes,KBIS,BIS,KBIS,BIS,http://bismarckairport.com/,https://en.wikipedia.org/wiki/Bismarck_Municipal_Airport,
KBJC,Rocky Mountain Metropolitan Airport,US-CO,CO,Colorado,Denver,,medium_airport,39.908798,-105.116997,5673,NA,US,,yes,KBJC,BJC,KBJC,BJC,,https://en.wikipedia.org/wiki/Rocky_Mountain_Metropolitan_Airport,"Jefferson County Airport, Jeffco Airport"
KBJI,Bemidji Regional Airport,US-MN,MN,Minnesota,Bemidji,,medium_airport,47.50939941,-94.93370056,1391,NA,US,,no,KBJI,BJI,KBJI,BJI,http://www.bemidjiairport.org/,https://en.wikipedia.org/wiki/Bemidji_Regional_Airport,
KBKE,Baker City Municipal Airport,US-OR,OR,Oregon,Baker City,,medium_airport,44.83729935,-117.8089981,3373,NA,US,,no,KBKE,BKE,KBKE,BKE,http://www.bakeraircraft.com/,https://en.wikipedia.org/wiki/Baker_City_Municipal_Airport,
KBKL,Burke Lakefront Airport,US-OH,OH,Ohio,Cleveland,,medium_airport,41.51750183,-81.6832962,583,NA,US,,no,KBKL,BKL,KBKL,BKL,http://www.clevelandairport.com/site/470/default.aspx,https://en.wikipedia.org/wiki/Cleveland_Burke_Lakefront_Airport,
KBKV,Brooksville–Tampa Bay Regional Airport,US-FL,FL,Florida,Brooksville,,small_airport,28.469461,-82.457114,76,NA,US,,no,,,KBKV,BKV,,https://en.wikipedia.org/wiki/Brooksville%E2%80%93Tampa_Bay_Regional_Airport,Hernando County
KBLI,Bellingham International Airport,US-WA,WA,Washington,Bellingham,,medium_airport,48.7928009,-122.538002,170,NA,US,,yes,KBLI,BLI,KBLI,BLI,,https://en.wikipedia.org/wiki/Bellingham_International_Airport,
KBLM,Monmouth Executive Airport,US-NJ,NJ,New Jersey,Belmar/Farmingdale,,small_airport,40.18690109,-74.12490082,153,NA,US,,no,KBLM,BLM,KBLM,BLM,,https://en.wikipedia.org/wiki/Monmouth_Executive_Airport,
KBMC,Brigham City Regional Airport,US-UT,UT,Utah,Brigham City,,small_airport,41.552399,-112.061996,4229,NA,US,,no,KBMC,BMC,KBMC,BMC,http://brighamcity.utah.gov/airport.htm,https://en.wikipedia.org/wiki/Brigham_City_Airport#References,Brigham City Airport
KBMI,Central Illinois Regional Airport at Bloomington-Normal,US-IL,IL,Illinois,Bloomington/Normal,,medium_airport,40.4771,-88.915901,871,NA,US,,yes,KBMI,BMI,KBMI,BMI,,https://en.wikipedia.org/wiki/Central_Illinois_Regional_Airport,
KBMQ,Burnet Municipal Airport/Kate Craddock Field,US-TX,TX,Texas,Burnet,,small_airport,30.738899,-98.238602,1284,NA,US,,no,,,KBMQ,BMQ,https://www.cityofburnet.com/airport,https://en.wikipedia.org/wiki/Burnet_Municipal_Airport,
KBMT,Beaumont Municipal Airport,US-TX,TX,Texas,Beaumont,,small_airport,30.070635,-94.215746,32,NA,US,,no,KBMT,BMT,KBMT,BMT,https://beaumonttexas.gov/beaumont-municipal-airport/,https://en.wikipedia.org/wiki/Beaumont_Municipal_Airport,"beaumont, beaumont municipal"
KBNA,Nashville International Airport,US-TN,TN,Tennessee,Nashville,,large_airport,36.1245,-86.6782,599,NA,US,,yes,KBNA,BNA,KBNA,BNA,https://flynashville.com/,https://en.wikipedia.org/wiki/Nashville_International_Airport,
KBNW,Boone Municipal Airport,US-IA,IA,Iowa,Boone,,small_airport,42.049599,-93.847603,1160,NA,US,,no,KBNW,BNW,KBNW,BNW,,https://en.wikipedia.org/wiki/Boone_Municipal_Airport,
KBOI,Boise Air Terminal/Gowen Field,US-ID,ID,Idaho,Boise,,medium_airport,43.5644,-116.223,2871,NA,US,,yes,KBOI,BOI,KBOI,BOI,http://www.cityofboise.org/departments/airport/,https://en.wikipedia.org/wiki/Boise_Airport,"Boise Air Terminal, Gowen Field"
KBOK,Brookings Airport,US-OR,OR,Oregon,Brookings,,small_airport,42.0746,-124.290001,459,NA,US,,no,KBOK,BOK,KBOK,BOK,,https://en.wikipedia.org/wiki/Brookings_Airport,
KBOW,Bartow Executive Airport,US-FL,FL,Florida,Bartow,,small_airport,27.943399,-81.783401,125,NA,US,,no,KBOW,BOW,KBOW,BOW,http://www.bartow-airport.com/,https://en.wikipedia.org/wiki/Bartow_Municipal_Airport,Bartow Municipal
KBPT,Jack Brooks Regional Airport,US-TX,TX,Texas,Beaumont/Port Arthur,,medium_airport,29.9508,-94.020699,15,NA,US,,yes,KBPT,BPT,KBPT,BPT,https://flysetx.com/,https://en.wikipedia.org/wiki/Jack_Brooks_Regional_Airport,Southeast Texas Regional
KBRD,Brainerd Lakes Regional Airport,US-MN,MN,Minnesota,Brainerd,,medium_airport,46.402861,-94.129727,1232,NA,US,,yes,KBRD,BRD,KBRD,BRD,http://brainerdairport.com/,https://en.wikipedia.org/wiki/Brainerd_Lakes_Regional_Airport,Crow Wing County Airport
KBRL,Southeast Iowa Regional Airport,US-IA,IA,Iowa,Burlington,,medium_airport,40.78319931,-91.12550354,698,NA,US,,yes,KBRL,BRL,KBRL,BRL,,https://en.wikipedia.org/wiki/Southeast_Iowa_Regional_Airport,
KBRO,Brownsville South Padre Island International Airport,US-TX,TX,Texas,Brownsville,,medium_airport,25.90679932,-97.42590332,22,NA,US,,yes,KBRO,BRO,KBRO,BRO,,https://en.wikipedia.org/wiki/Brownsville/South_Padre_Island_International_Airport,
KBRY,Samuels Field,US-KY,KY,Kentucky,Bardstown,,small_airport,37.81430054,-85.49960327,669,NA,US,,no,KBRY,BRY,KBRY,BRY,http://www.cityofbardstown.org/dept-airport.html,https://en.wikipedia.org/wiki/Samuels_Field,
KBTF,Skypark Airport,US-UT,UT,Utah,Bountiful,,small_airport,40.86940002,-111.927002,4234,NA,US,,no,KBTF,BTF,KBTF,BTF,,https://en.wikipedia.org/wiki/Skypark_Airport,
KBTP,Pittsburgh/Butler Regional Airport,US-PA,PA,Pennsylvania,Butler,,small_airport,40.776901,-79.949699,1248,NA,US,,no,KBTP,BTP,KBTP,BTP,http://butlercountyairport.org/,https://en.wikipedia.org/wiki/Butler_County_Airport,"Graham Field, Butler-Graham Airport, Butler County-K W Scholter Field"
KBTR,Baton Rouge Metropolitan Airport,US-LA,LA,Louisiana,Baton Rouge,,medium_airport,30.533199,-91.149597,70,NA,US,,yes,KBTR,BTR,KBTR,BTR,,https://en.wikipedia.org/wiki/Baton_Rouge_Metropolitan_Airport,
KBTV,Patrick Leahy Burlington International Airport,US-VT,VT,Vermont,South Burlington,,medium_airport,44.471901,-73.153297,335,NA,US,,yes,KBTV,BTV,KBTV,BTV,http://www.vermontairports.com/btv.html,https://en.wikipedia.org/wiki/Burlington_International_Airport,
KBUF,Buffalo Niagara International Airport,US-NY,NY,New York,Buffalo,,large_airport,42.940498,-78.732201,728,NA,US,,yes,KBUF,BUF,KBUF,BUF,https://www.buffaloairport.com/,https://en.wikipedia.org/wiki/Buffalo_Niagara_International_Airport,
KBUM,Butler Memorial Airport,US-MO,MO,Missouri,Butler,,small_airport,38.28979874,-94.34010315,892,NA,US,,no,KBUM,BUM,KBUM,BUM,,,
KBUR,Hollywood Burbank Airport,US-CA,CA,California,Burbank,,medium_airport,34.197703,-118.356378,778,NA,US,,yes,KBUR,BUR,KBUR,BUR,https://www.hollywoodburbankairport.com/,https://en.wikipedia.org/wiki/Hollywood_Burbank_Airport,Bob Hope
KBUU,Burlington Municipal Airport,US-WI,WI,Wisconsin,Burlington,,small_airport,42.69070053,-88.30460358,779,NA,US,,no,,,KBUU,BUU,,https://en.wikipedia.org/wiki/Burlington_Municipal_Airport_(Wisconsin),
KBUY,Burlington Alamance Regional Airport,US-NC,NC,North Carolina,Burlington,,small_airport,36.04850006,-79.47489929,617,NA,US,,no,,,KBUY,BUY,,https://en.wikipedia.org/wiki/Burlington-Alamance_Regional_Airport,
KBVI,Beaver County Airport,US-PA,PA,Pennsylvania,Beaver Falls,,medium_airport,40.772499,-80.391403,1253,NA,US,,no,KBVI,BFP,KBVI,BVI,,https://en.wikipedia.org/wiki/Beaver_County_Airport,
KBVS,Skagit Regional Airport,US-WA,WA,Washington,Burlington,,small_airport,48.470901,-122.420998,144,NA,US,,no,KBVS,MVW,KBVS,BVS,http://www.portofskagit.com/skagit-regional-airport/,https://en.wikipedia.org/wiki/Skagit_Regional_Airport,75S
KBVY,Beverly Regional Airport,US-MA,MA,Massachusetts,Beverly / Danvers,,medium_airport,42.584202,-70.916496,107,NA,US,,no,KBVY,BVY,KBVY,BVY,http://www.beverlyairport.com/,https://en.wikipedia.org/wiki/Beverly_Municipal_Airport,
KBWG,Bowling Green Warren County Regional Airport,US-KY,KY,Kentucky,Bowling Green,,medium_airport,36.96450043,-86.41970062,547,NA,US,,no,KBWG,BWG,KBWG,BWG,,https://en.wikipedia.org/wiki/Bowling_Green-Warren_County_Regional_Airport,
KBXM,Brunswick Executive Airport,US-ME,ME,Maine,Brunswick,,medium_airport,43.89220047,-69.93859863,72,NA,US,,no,KBXM,NHZ,KBXM,BXM,http://mrra.us/brunswick-executive-airport/,https://en.wikipedia.org/wiki/Brunswick_Executive_Airport,"KHNZ, Brunswick NAS"
KBZN,Bozeman Yellowstone International Airport,US-MT,MT,Montana,Bozeman,,medium_airport,45.7775,-111.153,4473,NA,US,,yes,KBZN,BZN,KBZN,BZN,,https://en.wikipedia.org/wiki/Bozeman_Yellowstone_International_Airport,Gallatin Field
KC09,Morris Municipal Airport James R. Washburn field,US-IL,IL,Illinois,Morris,,small_airport,41.4254,-88.418701,584,NA,US,,no,,,KC09,C09,,https://en.wikipedia.org/wiki/Morris_Municipal_Airport_(Illinois),
KC16,Frasca Field,US-IL,IL,Illinois,Urbana,,small_airport,40.1464,-88.198502,735,NA,US,,no,,,KC16,C16,,https://en.wikipedia.org/wiki/Frasca_Field,
KC17,Marion Airport,US-IA,IA,Iowa,Marion,,small_airport,42.031101,-91.529297,862,NA,US,,no,,,KC17,C17,,https://en.wikipedia.org/wiki/Marion_Airport,
KC29,Middleton Municipal Morey Field,US-WI,WI,Wisconsin,Middleton,,small_airport,43.1143,-89.531502,928,NA,US,,no,,,KC29,C29,,https://en.wikipedia.org/wiki/Middleton_Municipal_Airport,
KC62,Kendallville Municipal Airport,US-IN,IN,Indiana,Kendallville,,small_airport,41.472698,-85.260803,1005,NA,US,,no,,,KC62,C62,,https://en.wikipedia.org/wiki/Kendallville_Municipal_Airport,
KC73,Dixon Municipal Charles R. Walgreen Field,US-IL,IL,Illinois,Dixon,,small_airport,41.833875,-89.443967,785,NA,US,,no,,,KC73,C73,,https://en.wikipedia.org/wiki/Dixon_Municipal_Airport,
KC77,Poplar Grove Airport,US-IL,IL,Illinois,Poplar Grove,,small_airport,42.322899,-88.836304,858,NA,US,,no,,,KC77,C77,,https://en.wikipedia.org/wiki/Poplar_Grove_Airport,
KC83,Byron Airport,US-CA,CA,California,Byron,,small_airport,37.82647,-121.621699,79,NA,US,,no,,,KC83,C83,,https://en.wikipedia.org/wiki/Byron_Airport,
KC91,Dowagiac Municipal Airport,US-MI,MI,Michigan,Dowagiac,,small_airport,41.992901,-86.127998,747,NA,US,,no,,,KC91,C91,,https://en.wikipedia.org/wiki/Dowagiac_Municipal_Airport,
KCAD,Wexford County Airport,US-MI,MI,Michigan,Cadillac,,small_airport,44.275749,-85.421534,1307,NA,US,,no,KCAD,CAD,KCAD,CAD,https://cadillacmichigan.com/cadillac-listings/wexford-county-airport/,https://en.wikipedia.org/wiki/Wexford_County_Airport,
KCAE,Columbia Metropolitan Airport,US-SC,SC,South Carolina,Columbia,,medium_airport,33.938801,-81.119499,236,NA,US,,yes,KCAE,CAE,KCAE,CAE,,https://en.wikipedia.org/wiki/Columbia_Metropolitan_Airport,
KCBF,Council Bluffs Municipal Airport,US-IA,IA,Iowa,Council Bluffs,,small_airport,41.25920105,-95.76059723,1253,NA,US,,no,KCBF,CBF,KCBF,CBF,,https://en.wikipedia.org/wiki/Council_Bluffs_Municipal_Airport,
KCBG,Cambridge Municipal Airport,US-MN,MN,Minnesota,Cambridge,,small_airport,45.557499,-93.264198,945,NA,US,,no,,,KCBG,CBG,,https://en.wikipedia.org/wiki/Cambridge_Municipal_Airport_(Minnesota),
KCBK,Shalz Field,US-KS,KS,Kansas,Colby,,small_airport,39.42750168,-101.0469971,3187,NA,US,,no,KCBK,CBK,KCBK,CBK,,https://en.wikipedia.org/wiki/Colby_Municipal_Airport,Colby Municipal Airport
KCCA,Clinton Municipal Airport,US-AR,AR,Arkansas,Clinton,,small_airport,35.597801,-92.451599,514,NA,US,,no,,,KCCA,CCA,,https://en.wikipedia.org/wiki/Clinton_Municipal_Airport_(Arkansas),4M4
KCCB,Upland-Cable Airport,US-CA,CA,California,Upland,,small_airport,34.111599,-117.688004,1444,NA,US,,no,KCCB,CCB,KCCB,CCB,,https://en.wikipedia.org/wiki/Cable_Airport,
KCCO,Newnan Coweta County Airport,US-GA,GA,Georgia,Newnan,,small_airport,33.3116,-84.769798,970,NA,US,,no,,,KCCO,CCO,,https://en.wikipedia.org/wiki/Newnan%E2%80%93Coweta_County_Airport,
KCCR,Buchanan Field,US-CA,CA,California,Concord,,medium_airport,37.9897,-122.056999,26,NA,US,,yes,KCCR,CCR,KCCR,CCR,,https://en.wikipedia.org/wiki/Buchanan_Field_Airport,
KCCY,Northeast Iowa Regional Airport,US-IA,IA,Iowa,Charles City,,medium_airport,43.07260132,-92.6108017,1125,NA,US,,no,KCCY,CCY,KCCY,CCY,,https://en.wikipedia.org/wiki/Northeast_Iowa_Regional_Airport,Charles City Municipal Airport
KCDC,Cedar City Regional Airport,US-UT,UT,Utah,Cedar City,,medium_airport,37.70100021,-113.098999,5622,NA,US,,yes,KCDC,CDC,KCDC,CDC,,https://en.wikipedia.org/wiki/Cedar_City_Regional_Airport,
KCDW,Essex County Airport,US-NJ,NJ,New Jersey,Caldwell,,small_airport,40.87519836,-74.28140259,173,NA,US,,no,KCDW,CDW,KCDW,CDW,http://flycdw.com/,https://en.wikipedia.org/wiki/Essex_County_Airport,"Manhattan, New York City, NYC"
KCEU,Oconee County Regional Airport,US-SC,SC,South Carolina,Clemson,,small_airport,34.6719017,-82.8864975,892,NA,US,,no,KCEU,CEU,KCEU,CEU,http://www.oconeesc.com/Departments/AJ/Airport.aspx,https://en.wikipedia.org/wiki/Oconee_County_Regional_Airport,
KCEW,Bob Sikes Airport,US-FL,FL,Florida,Crestview,,medium_airport,30.77879906,-86.52210236,213,NA,US,,no,KCEW,CEW,KCEW,CEW,http://www.flycew.com/,https://en.wikipedia.org/wiki/Bob_Sikes_Airport,
KCEZ,Cortez Municipal Airport,US-CO,CO,Colorado,Cortez,,medium_airport,37.303001,-108.627998,5918,NA,US,,yes,KCEZ,CEZ,KCEZ,CEZ,http://www.cityofcortez.com/index.aspx?NID=113,https://en.wikipedia.org/wiki/Cortez_Municipal_Airport,
KCFJ,Crawfordsville Regional Airport,US-IN,IN,Indiana,Crawfordsville,,small_airport,39.975602,-86.919899,799,NA,US,,no,,,KCFJ,CFJ,,https://en.wikipedia.org/wiki/Crawfordsville_Regional_Airport,Crawfordsville Municipal
KCGC,Crystal River Airport,US-FL,FL,Florida,Crystal River,,small_airport,28.867246,-82.571009,9,NA,US,,no,,,KCGC,CGC,https://citrusbocc.com/departments/public_works/technical_services/crystal_river_airport.php,https://en.wikipedia.org/wiki/Crystal_River_Airport,"X31, Captain Tom Davis Field"
KCGI,Cape Girardeau Regional Airport,US-MO,MO,Missouri,Cape Girardeau,,medium_airport,37.2253,-89.570801,342,NA,US,,yes,KCGI,CGI,KCGI,CGI,,https://en.wikipedia.org/wiki/Cape_Girardeau_Regional_Airport,
KCHA,Chattanooga Metropolitan Airport (Lovell Field),US-TN,TN,Tennessee,Chattanooga,,medium_airport,35.035301,-85.203796,683,NA,US,,yes,KCHA,CHA,KCHA,CHA,https://www.flycha.com/,https://en.wikipedia.org/wiki/Chattanooga_Metropolitan_Airport,
KCHD,Chandler Municipal Airport,US-AZ,AZ,Arizona,Chandler,,small_airport,33.2691,-111.810997,1243,NA,US,,no,,,KCHD,CHD,http://www.chandleraz.gov/default.aspx?pageid=318,https://en.wikipedia.org/wiki/Chandler_Municipal_Airport,P10
KCHK,Chickasha Municipal Airport,US-OK,OK,Oklahoma,Chickasha,,small_airport,35.09740067,-97.96769714,1152,NA,US,,no,KCHK,CHK,KCHK,CHK,http://www.chickasha.org/airport/,https://en.wikipedia.org/wiki/Chickasha_Municipal_Airport,
KCHO,Charlottesville Albemarle Airport,US-VA,VA,Virginia,Charlottesville,,medium_airport,38.1385994,-78.45290375,639,NA,US,,yes,KCHO,CHO,KCHO,CHO,,https://en.wikipedia.org/wiki/Charlottesville-Albemarle_Airport,
KCHS,Charleston International Airport,US-SC,SC,South Carolina,Charleston,,medium_airport,32.898602,-80.040497,46,NA,US,,yes,KCHS,CHS,KCHS,CHS,https://www.iflychs.com/,https://en.wikipedia.org/wiki/Charleston_International_Airport,Charleston Air Force Base
KCIC,Chico Regional Airport,US-CA,CA,California,Chico,,small_airport,39.795595,-121.857716,240,NA,US,,no,KCIC,CIC,KCIC,CIC,,https://en.wikipedia.org/wiki/Chico_Municipal_Airport,
KCID,The Eastern Iowa Airport,US-IA,IA,Iowa,Cedar Rapids,,medium_airport,41.884701,-91.7108,869,NA,US,,yes,KCID,CID,KCID,CID,,https://en.wikipedia.org/wiki/The_Eastern_Iowa_Airport,Cedar Rapids Municipal
KCIN,Arthur N Neu Airport,US-IA,IA,Iowa,Carroll,,small_airport,42.0461998,-94.78900146,1204,NA,US,,no,KCIN,CIN,KCIN,CIN,http://www.cityofcarroll.com/index.php/departments/airport,https://en.wikipedia.org/wiki/Arthur_N._Neu_Airport,
KCJR,Culpeper Regional Airport,US-VA,VA,Virginia,Culpeper,,small_airport,38.526699,-77.858902,316,NA,US,,no,,,KCJR,CJR,,https://en.wikipedia.org/wiki/Culpeper_Regional_Airport,
KCKB,North Central West Virginia Airport,US-WV,WV,West Virginia,Bridgeport,,medium_airport,39.2966,-80.228104,1217,NA,US,,yes,KCKB,CKB,KCKB,CKB,,https://en.wikipedia.org/wiki/Harrison/Marion_Regional_Airport,
KCKN,Crookston Municipal Kirkwood Field,US-MN,MN,Minnesota,Crookston,,small_airport,47.84170151,-96.62159729,899,NA,US,,no,KCKN,CKN,KCKN,CKN,,https://en.wikipedia.org/wiki/Crookston_Municipal_Airport,
KCLL,Easterwood Field,US-TX,TX,Texas,College Station,,medium_airport,30.5886,-96.3638,320,NA,US,,yes,KCLL,CLL,KCLL,CLL,https://flyeasterwood.com/,https://en.wikipedia.org/wiki/Easterwood_Airport,
KCLM,William R Fairchild International Airport,US-WA,WA,Washington,Port Angeles,,medium_airport,48.120201,-123.5,291,NA,US,,no,KCLM,CLM,KCLM,CLM,,https://en.wikipedia.org/wiki/William_R._Fairchild_International_Airport,
KCLS,Chehalis Centralia Airport,US-WA,WA,Washington,Chehalis,,small_airport,46.676998,-122.983002,176,NA,US,,no,KCLS,CLS,KCLS,CLS,http://www.flycls.com/,https://en.wikipedia.org/wiki/Chehalis%E2%80%93Centralia_Airport,
KCLW,Clearwater Air Park,US-FL,FL,Florida,Clearwater,,small_airport,27.97669983,-82.75869751,71,NA,US,,no,KCLW,CLW,KCLW,CLW,http://www.clearwaterairpark.net/,https://en.wikipedia.org/wiki/Clearwater_Air_Park,Clearwater Executive
KCMA,Camarillo International Airport,US-CA,CA,California,Camarillo,,medium_airport,34.213699,-119.094002,77,NA,US,,no,,,KCMA,CMA,,https://en.wikipedia.org/wiki/Camarillo_Airport,
KCMH,John Glenn Columbus International Airport,US-OH,OH,Ohio,Columbus,,large_airport,39.998001,-82.891899,815,NA,US,,yes,KCMH,CMH,KCMH,CMH,https://flycolumbus.com/,https://en.wikipedia.org/wiki/John_Glenn_Columbus_International_Airport,
KCMY,Sparta Fort McCoy Airport,US-WI,WI,Wisconsin,Sparta,,small_airport,43.958009,-90.737886,837,NA,US,,no,KCMY,CMY,KCMY,CMY,,https://en.wikipedia.org/wiki/Sparta/Fort_McCoy_Airport,
KCNO,Chino Airport,US-CA,CA,California,Chino,,small_airport,33.97470093,-117.637001,650,NA,US,,no,KCNO,CNO,KCNO,CNO,http://cms.sbcounty.gov/airports/Airports/Chino.aspx,https://en.wikipedia.org/wiki/Chino_Airport,
KCNW,TSTC Waco Airport,US-TX,TX,Texas,Waco,,small_airport,31.641129,-97.073335,470,NA,US,,no,KCNW,CNW,KCNW,CNW,http://www.waco.tstc.edu/airport,https://en.wikipedia.org/wiki/TSTC_Waco_Airport,James Connally AFB
KCNY,Canyonlands Regional Airport,US-UT,UT,Utah,Moab,,medium_airport,38.755001,-109.754997,4557,NA,US,,yes,KCNY,CNY,KCNY,CNY,https://www.grandcountyutah.net/263/Airport,https://en.wikipedia.org/wiki/Canyonlands_Field,
KCOD,Yellowstone Regional Airport,US-WY,WY,Wyoming,Cody,,medium_airport,44.520199,-109.024002,5102,NA,US,,yes,KCOD,COD,KCOD,COD,http://www.flyyra.com/,https://en.wikipedia.org/wiki/Yellowstone_Regional_Airport,
KCOE,Coeur D'Alene Airport - Pappy Boyington Field,US-ID,ID,Idaho,Coeur d'Alene,,medium_airport,47.7743,-116.82,2320,NA,US,,no,KCOE,COE,KCOE,COE,http://www.cdaairport.com/,https://en.wikipedia.org/wiki/Coeur_d'Alene_Airport,Coeur d'Alene Air Terminal
KCOI,Merritt Island Airport,US-FL,FL,Florida,Merritt Island,,small_airport,28.34160042,-80.6855011,6,NA,US,,no,KCOI,COI,KCOI,COI,,https://en.wikipedia.org/wiki/Merritt_Island_Airport,
KCON,Concord Municipal Airport,US-NH,NH,New Hampshire,Concord,,medium_airport,43.20270157,-71.50229645,342,NA,US,,no,KCON,CON,KCON,CON,http://www.concordnh.gov/facilities/facility/details/Concord-Municipal-Airport-31,https://en.wikipedia.org/wiki/Concord_Municipal_Airport,
KCOQ,Cloquet Carlton County Airport,US-MN,MN,Minnesota,Cloquet,,small_airport,46.701099,-92.503601,1279,NA,US,,no,,,KCOQ,COQ,,https://en.wikipedia.org/wiki/Cloquet_Carlton_County_Airport,
KCOS,City of Colorado Springs Municipal Airport,US-CO,CO,Colorado,Colorado Springs,,medium_airport,38.805801,-104.700996,6187,NA,US,,yes,KCOS,COS,KCOS,COS,https://flycos.coloradosprings.gov/,https://en.wikipedia.org/wiki/Colorado_Springs_Airport,
KCOU,Columbia Regional Airport,US-MO,MO,Missouri,Columbia,,medium_airport,38.8181,-92.219597,889,NA,US,,yes,KCOU,COU,KCOU,COU,,https://en.wikipedia.org/wiki/Columbia_Regional_Airport,
KCPK,Chesapeake Regional Airport,US-VA,VA,Virginia,Chesapeake,,small_airport,36.6656,-76.320702,19,NA,US,,no,,,KCPK,CPK,,https://en.wikipedia.org/wiki/Chesapeake_Regional_Airport,
KCPR,Casper-Natrona County International Airport,US-WY,WY,Wyoming,Casper,,medium_airport,42.908001,-106.463997,5350,NA,US,,yes,KCPR,CPR,KCPR,CPR,,https://en.wikipedia.org/wiki/Natrona_County_International_Airport,
KCPS,St Louis Downtown Airport,US-IL,IL,Illinois,Cahokia/St Louis,,small_airport,38.5707016,-90.15619659,413,NA,US,,no,KCPS,CPS,KCPS,CPS,,https://en.wikipedia.org/wiki/St._Louis_Downtown_Airport,
KCPT,Cleburne Regional Airport,US-TX,TX,Texas,Cleburne,,small_airport,32.353802,-97.433701,854,NA,US,,no,,,KCPT,CPT,,https://en.wikipedia.org/wiki/Cleburne_Regional_Airport,"Cleburne Municipal, F18"
KCPU,Calaveras Co Maury Rasmussen Field,US-CA,CA,California,San Andreas,,small_airport,38.14609909,-120.6480026,1325,NA,US,,no,,,KCPU,CPU,,https://en.wikipedia.org/wiki/Calaveras_County_Airport,
KCQX,Chatham Municipal Airport,US-MA,MA,Massachusetts,Chatham,,small_airport,41.68840027,-69.98950195,68,NA,US,,no,,,KCQX,CQX,,https://en.wikipedia.org/wiki/Chatham_Municipal_Airport,
KCRG,Jacksonville Executive at Craig Airport,US-FL,FL,Florida,Jacksonville,,medium_airport,30.3362999,-81.51439667,41,NA,US,,no,KCRG,CRG,KCRG,CRG,http://www.flyjacksonville.com/content.aspx?id=86,https://en.wikipedia.org/wiki/Jacksonville_Executive_at_Craig_Airport,Craig Municipal Airport
KCRQ,McClellan-Palomar Airport,US-CA,CA,California,Carlsbad,,medium_airport,33.1283,-117.279999,331,NA,US,,yes,KCRQ,CLD,KCRQ,CRQ,,https://en.wikipedia.org/wiki/McClellan-Palomar_Airport,
KCSV,Crossville Memorial Airport Whitson Field,US-TN,TN,Tennessee,Crossville,,medium_airport,35.95131,-85.08499,1881,NA,US,,no,KCSV,CSV,KCSV,CSV,http://www.crossvilletn.gov/index.php/departments/airport,,
KCTB,Cut Bank International Airport,US-MT,MT,Montana,Cut Bank,,medium_airport,48.608657,-112.378183,3854,NA,US,,no,KCTB,CTB,KCTB,CTB,http://www.cutbankairport.org/,https://en.wikipedia.org/wiki/Cut_Bank_Municipal_Airport,
KCUB,Jim Hamilton L.B. Owens Airport,US-SC,SC,South Carolina,Columbia,,medium_airport,33.97050095,-80.99520111,193,NA,US,,no,KCUB,CUB,KCUB,CUB,http://www.columbiasouthcarolina.com/owens.html,https://en.wikipedia.org/wiki/Jim_Hamilton_%E2%80%93_L.B._Owens_Airport,
KCVG,Cincinnati Northern Kentucky International Airport,US-KY,KY,Kentucky,Cincinnati / Covington,,large_airport,39.048801,-84.667801,896,NA,US,,yes,KCVG,CVG,KCVG,CVG,https://www.cvgairport.com/,https://en.wikipedia.org/wiki/Cincinnati/Northern_Kentucky_International_Airport,
KCVH,Hollister Municipal Airport,US-CA,CA,California,Hollister,,small_airport,36.8932991,-121.4100037,230,NA,US,,no,KCVH,HLI,KCVH,CVH,http://www.hollister.ca.gov/site/html/gov/office/airport.asp,https://en.wikipedia.org/wiki/Hollister_Municipal_Airport,3O7
KCVN,Clovis Municipal Airport,US-NM,NM,New Mexico,Clovis,,medium_airport,34.426594,-103.078794,4216,NA,US,,yes,KCVN,CVN,KCVN,CVN,,https://en.wikipedia.org/wiki/Clovis_Municipal_Airport,
KCVO,Corvallis Municipal Airport,US-OR,OR,Oregon,Corvallis,,medium_airport,44.49720001,-123.2900009,250,NA,US,,no,KCVO,CVO,KCVO,CVO,http://www.corvallisoregon.gov/index.aspx?page=160,https://en.wikipedia.org/wiki/Corvallis_Municipal_Airport,Albany Oregon
KCWA,Central Wisconsin Airport,US-WI,WI,Wisconsin,Mosinee,,medium_airport,44.777448,-89.670238,1277,NA,US,,yes,KCWA,CWA,KCWA,CWA,,https://en.wikipedia.org/wiki/Central_Wisconsin_Airport,
KCWC,Kickapoo Downtown Airport,US-TX,TX,Texas,Wichita Falls,,small_airport,33.85779953,-98.49040222,1003,NA,US,,no,KCWC,KIP,KCWC,CWC,http://www.wichitafallstx.gov/index.aspx?nid=704,https://en.wikipedia.org/wiki/Kickapoo_Downtown_Airport,"KT47, T47, JKP"
KCXO,Conroe-North Houston Regional Airport,US-TX,TX,Texas,Houston,,medium_airport,30.351801,-95.414497,245,NA,US,,no,KCXO,CXO,KCXO,CXO,https://web.archive.org/web/20160301220928/http://www.lonestarairport.org:80/,https://en.wikipedia.org/wiki/Lone_Star_Executive_Airport,"Montgomery County Airport, Lone Star Executive Airport"
KCXP,Carson Airport,US-NV,NV,Nevada,Carson City,,small_airport,39.1922,-119.734001,4697,NA,US,,no,KCXP,CSN,KCXP,CXP,http://flycarsoncity.com/,https://en.wikipedia.org/wiki/Carson_Airport,"O04, Carson City Airport"
KCXW,Conway Regional Airport,US-AR,AR,Arkansas,Conway,,small_airport,35.019889,-92.555111,276,NA,US,,no,,,KCXW,CXW,https://conwayarkansas.gov/airport/,https://en.wikipedia.org/wiki/Conway_Municipal_Airport,Cantrell Field
KCXY,Capital City Airport,US-PA,PA,Pennsylvania,Harrisburg,,small_airport,40.21709824,-76.85150146,347,NA,US,,no,KCXY,HAR,KCXY,CXY,http://www.flycxy.com/,https://en.wikipedia.org/wiki/Capital_City_Airport_(Pennsylvania),"Harrisburg Skyport, Harrisburg-Capital Landing Field, Harrisburg-York State Airport"
KCYS,Cheyenne Regional Jerry Olson Field,US-WY,WY,Wyoming,Cheyenne,,medium_airport,41.155701,-104.811997,6159,NA,US,,yes,KCYS,CYS,KCYS,CYS,,https://en.wikipedia.org/wiki/Cheyenne_Regional_Airport,
KCZG,Tri Cities Airport,US-NY,NY,New York,Endicott,,small_airport,42.078499,-76.096296,833,NA,US,,no,,,KCZG,CZG,http://www.tricities-airport.com/,https://en.wikipedia.org/wiki/Tri-Cities_Airport_(New_York),N17
KCZL,Tom B. David Field,US-GA,GA,Georgia,Calhoun,,small_airport,34.455399,-84.939201,647,NA,US,,no,,,KCZL,CZL,,https://en.wikipedia.org/wiki/Tom_B._David_Field,
KD98,Romeo State Airport,US-MI,MI,Michigan,Romeo,,small_airport,42.79610062,-82.97499847,739,NA,US,,no,,,D98,D98,"http://www.michigan.gov/aero/0,4533,7-145-61367-277662--,00.html",https://en.wikipedia.org/wiki/Romeo_State_Airport,
KDAB,Daytona Beach International Airport,US-FL,FL,Florida,Daytona Beach,,medium_airport,29.179899,-81.058098,34,NA,US,,yes,KDAB,DAB,KDAB,DAB,,https://en.wikipedia.org/wiki/Daytona_Beach_International_Airport,
KDAN,Danville Regional Airport,US-VA,VA,Virginia,Danville,,medium_airport,36.572899,-79.336098,571,NA,US,,no,KDAN,DAN,KDAN,DAN,https://www.danville-va.gov/507/Danville-Regional-Airport,https://en.wikipedia.org/wiki/Danville_Regional_Airport,
KDAY,James M Cox Dayton International Airport,US-OH,OH,Ohio,Dayton,,medium_airport,39.902401,-84.219398,1009,NA,US,,yes,KDAY,DAY,KDAY,DAY,,https://en.wikipedia.org/wiki/Dayton_International_Airport,
KDBQ,Dubuque Regional Airport,US-IA,IA,Iowa,Dubuque,,medium_airport,42.402,-90.709503,1077,NA,US,,yes,KDBQ,DBQ,KDBQ,DBQ,,https://en.wikipedia.org/wiki/Dubuque_Regional_Airport,
KDCU,Pryor Field Regional Airport,US-AL,AL,Alabama,Decatur,,small_airport,34.65269852,-86.94539642,592,NA,US,,no,KDCU,DCU,KDCU,DCU,,https://en.wikipedia.org/wiki/Pryor_Field_Regional_Airport,
KDCY,Daviess County Airport,US-IN,IN,Indiana,Washington,,small_airport,38.700401,-87.1297,473,NA,US,,no,,,KDCY,DCY,,https://en.wikipedia.org/wiki/Daviess_County_Airport,
KDDC,Dodge City Regional Airport,US-KS,KS,Kansas,Dodge City,,medium_airport,37.76340103,-99.96559906,2594,NA,US,,yes,KDDC,DDC,KDDC,DDC,,https://en.wikipedia.org/wiki/Dodge_City_Regional_Airport,
KDED,Deland Municipal Sidney H Taylor Field,US-FL,FL,Florida,Deland,,small_airport,29.066999,-81.283798,79,NA,US,,no,,,KDED,DED,,https://en.wikipedia.org/wiki/DeLand_Municipal_Airport,
KDEH,Decorah Municipal Airport,US-IA,IA,Iowa,Decorah,,small_airport,43.275501,-91.739403,1158,NA,US,,no,KDEH,DEH,KDEH,DEH,,https://en.wikipedia.org/wiki/Decorah_Municipal_Airport,
KDEN,Denver International Airport,US-CO,CO,Colorado,Denver,,large_airport,39.86169815,-104.6729965,5431,NA,US,,yes,KDEN,DEN,KDEN,DEN,http://www.flydenver.com/,https://en.wikipedia.org/wiki/Denver_International_Airport,"DVX, KVDX"
KDEW,Deer Park Airport,US-WA,WA,Washington,Deer Park,,small_airport,47.966599,-117.427002,2211,NA,US,,no,,,KDEW,DEW,,https://en.wikipedia.org/wiki/Deer_Park_Airport_(Washington),
KDFI,Defiance Memorial Airport,US-OH,OH,Ohio,Defiance,,small_airport,41.33750153,-84.42880249,707,NA,US,,no,KDFI,DFI,KDFI,DFI,http://www.defiance-county.com/airport/index.html,https://en.wikipedia.org/wiki/Defiance_Memorial_Airport,
KDFW,Dallas Fort Worth International Airport,US-TX,TX,Texas,Dallas-Fort Worth,,large_airport,32.896801,-97.038002,607,NA,US,,yes,KDFW,DFW,KDFW,DFW,https://www.dfwairport.com/,https://en.wikipedia.org/wiki/Dallas/Fort_Worth_International_Airport,QDF
KDHN,Dothan Regional Airport,US-AL,AL,Alabama,Dothan,,medium_airport,31.32130051,-85.44960022,401,NA,US,,yes,KDHN,DHN,KDHN,DHN,,https://en.wikipedia.org/wiki/Dothan_Regional_Airport,
KDIJ,Driggs/Reed Memorial Airport,US-ID,ID,Idaho,Driggs,,small_airport,43.742667,-111.096829,6229,NA,US,,no,,,KDIJ,DIJ,https://driggsairport.org/,https://en.wikipedia.org/wiki/Driggs%E2%80%93Reed_Memorial_Airport,U59
KDIK,Dickinson Theodore Roosevelt Regional Airport,US-ND,ND,North Dakota,Dickinson,,medium_airport,46.797533,-102.801905,2592,NA,US,,yes,KDIK,DIK,KDIK,DIK,http://dickinsonairport.com/,https://en.wikipedia.org/wiki/Dickinson_Theodore_Roosevelt_Regional_Airport,
KDKB,DeKalb Taylor Municipal Airport,US-IL,IL,Illinois,DeKalb,,small_airport,41.936316,-88.704128,914,NA,US,,no,,,KDKB,DKB,,https://en.wikipedia.org/wiki/DeKalb_Taylor_Municipal_Airport,
KDKK,Chautauqua County-Dunkirk Airport,US-NY,NY,New York,Dunkirk,,small_airport,42.49247,-79.273102,693,NA,US,,no,KDKK,DKK,KDKK,DKK,,https://en.wikipedia.org/wiki/Chautauqua_County/Dunkirk_Airport,John J. Nalbone Field
KDKX,Knoxville Downtown Island Airport,US-TN,TN,Tennessee,Knoxville,,small_airport,35.963902,-83.873901,833,NA,US,,no,,,KDKX,DKX,,https://en.wikipedia.org/wiki/Knoxville_Downtown_Island_Airport,
KDLH,Duluth International Airport,US-MN,MN,Minnesota,Duluth,,medium_airport,46.842098,-92.193604,1428,NA,US,,yes,KDLH,DLH,KDLH,DLH,http://www.duluthairport.com/,https://en.wikipedia.org/wiki/Duluth_International_Airport,"LKI, Duluth Air National Guard Base, Lakeside AFB"
KDLL,Baraboo Wisconsin Dells Regional Airport,US-WI,WI,Wisconsin,Baraboo,,small_airport,43.522701,-89.770203,979,NA,US,,no,,,KDLL,DLL,,https://en.wikipedia.org/wiki/Baraboo%E2%80%93Wisconsin_Dells_Airport,
KDLS,Columbia Gorge Regional/The Dalles Municipal Airport,US-OR,OR,Oregon,Dallesport / The Dalles,,medium_airport,45.620979,-121.170777,247,NA,US,,no,KDLS,DLS,KDLS,DLS,http://www.columbiagorgeairport.com/,https://en.wikipedia.org/wiki/Columbia_Gorge_Regional_Airport,The Dalles Municipal Airport
KDLZ,Delaware Municipal Airport,US-OH,OH,Ohio,Delaware,,small_airport,40.279701,-83.114799,945,NA,US,,no,,,KDLZ,DLZ,https://www.delawareohio.net/government/departments/airport,https://en.wikipedia.org/wiki/Delaware_Municipal_Airport,
KDMW,Carroll County Regional Jack B Poage Field,US-MD,MD,Maryland,Westminster,,small_airport,39.60829926,-77.00769806,789,NA,US,,no,,,KDMW,DMW,,https://en.wikipedia.org/wiki/Carroll_County_Regional_Airport,
KDNL,Daniel Field,US-GA,GA,Georgia,Augusta,,medium_airport,33.46649933,-82.03939819,423,NA,US,,no,KDNL,DNL,KDNL,DNL,http://www.augustaga.gov/index.aspx?NID=486,https://en.wikipedia.org/wiki/Daniel_Field,
KDNN,Dalton Municipal Airport,US-GA,GA,Georgia,Dalton,,small_airport,34.72290039,-84.87020111,709,NA,US,,no,KDNN,DNN,KDNN,DNN,,https://en.wikipedia.org/wiki/Dalton_Municipal_Airport,
KDPA,Dupage Airport,US-IL,IL,Illinois,Chicago/West Chicago,,medium_airport,41.90779877,-88.24859619,759,NA,US,,no,KDPA,DPA,KDPA,DPA,http://www.dupageairport.com/,https://en.wikipedia.org/wiki/DuPage_Airport,
KDSM,Des Moines International Airport,US-IA,IA,Iowa,Des Moines,,medium_airport,41.534,-93.663101,958,NA,US,,yes,KDSM,DSM,KDSM,DSM,,https://en.wikipedia.org/wiki/Des_Moines_International_Airport,
KDTN,Shreveport Downtown Airport,US-LA,LA,Louisiana,Shreveport,,small_airport,32.54019928,-93.74500275,179,NA,US,,no,KDTN,DTN,KDTN,DTN,http://www.shreveportla.gov/airport/dtnairport.htm,https://en.wikipedia.org/wiki/Shreveport_Downtown_Airport,
KDTO,Denton Enterprise Airport,US-TX,TX,Texas,Denton,,small_airport,33.201769,-97.197983,643,NA,US,,no,,,KDTO,DTO,http://www.cityofdenton.com/index.aspx?page=451,https://en.wikipedia.org/wiki/Denton_Enterprise_Airport,
KDTS,Destin Executive Airport,US-FL,FL,Florida,Destin,,medium_airport,30.400101,-86.471497,23,NA,US,,yes,KDTS,DSI,KDTS,DTS,http://www.flydts.com/,https://en.wikipedia.org/wiki/Destin-Fort_Walton_Beach_Airport,"81J, Destin-Fort Walton Beach Airport"
KDUH,Toledo Suburban Airport,US-MI,MI,Michigan,Lambertville,,small_airport,41.73590088,-83.65540314,669,NA,US,,no,,,KDUH,DUH,,https://en.wikipedia.org/wiki/Toledo_Suburban_Airport,
KDUJ,DuBois Regional Airport,US-PA,PA,Pennsylvania,Dubois,,medium_airport,41.17829895,-78.8986969,1817,NA,US,,yes,KDUJ,DUJ,KDUJ,DUJ,,https://en.wikipedia.org/wiki/DuBois_Regional_Airport,DuBois Jefferson County
KDUX,Moore County Airport,US-TX,TX,Texas,Dumas,,small_airport,35.857899,-102.013,3705,NA,US,,no,,,KDUX,DUX,,https://en.wikipedia.org/wiki/Moore_County_Airport_(Texas),
KDVK,Stuart Powell Field,US-KY,KY,Kentucky,Danville,,small_airport,37.579409,-84.774347,1022,NA,US,,no,,,KDVK,DVK,,https://en.wikipedia.org/wiki/Stuart_Powell_Field,
KDWH,David Wayne Hooks Memorial Airport,US-TX,TX,Texas,Houston,,small_airport,30.0618,-95.55280304,152,NA,US,,no,KDWH,DWH,KDWH,DWH,http://www.hooksairport.com/,https://en.wikipedia.org/wiki/David_Wayne_Hooks_Memorial_Airport,
KDWU,Ashland Regional Airport,US-KY,KY,Kentucky,Worthington,,small_airport,38.554501,-82.737999,546,NA,US,,no,,,KDWU,DWU,,https://en.wikipedia.org/wiki/Ashland_Regional_Airport,
KDXR,Danbury Municipal Airport,US-CT,CT,Connecticut,Danbury,,medium_airport,41.371656,-73.482227,458,NA,US,,no,KDXR,DXR,KDXR,DXR,,https://en.wikipedia.org/wiki/Danbury_Municipal_Airport,
KDYA,Demopolis Municipal Airport,US-AL,AL,Alabama,Demopolis,,small_airport,32.463799,-87.954102,113,NA,US,,no,,,KDYA,DYA,,https://en.wikipedia.org/wiki/Demopolis_Municipal_Airport,Formerly 7A2
KDYB,Summerville Airport,US-SC,SC,South Carolina,Summerville,,small_airport,33.0634,-80.279297,56,NA,US,,no,,,KDYB,DYB,,https://en.wikipedia.org/wiki/Summerville_Airport,
KDYL,Doylestown Airport,US-PA,PA,Pennsylvania,Doylestown,,small_airport,40.33300018,-75.12229919,394,NA,US,,no,KDYL,DYL,KDYL,DYL,http://www.doylestownairport.com/,https://en.wikipedia.org/wiki/Doylestown_Airport,N88
KDZJ,Blairsville Airport,US-GA,GA,Georgia,Blairsville,,small_airport,34.855099,-83.996902,1911,NA,US,,no,,,KDZJ,DZJ,,https://en.wikipedia.org/wiki/Blairsville_Airport,Formerly 46A
KEAT,Pangborn Memorial Airport,US-WA,WA,Washington,Wenatchee,,medium_airport,47.398899,-120.207001,1249,NA,US,,yes,KEAT,EAT,KEAT,EAT,http://www.pangbornairport.com/,https://en.wikipedia.org/wiki/Pangborn_Memorial_Airport,
KEBD,Southern West Virginia Regional Airport,US-WV,WV,West Virginia,Varney,,small_airport,37.6818,-82.1221,1883,NA,US,,no,,,KEBD,EBD,,https://en.wikipedia.org/wiki/Appalachian_Regional_Airport,Appalachian Regional
KEBS,Webster City Municipal Airport,US-IA,IA,Iowa,Webster City,,small_airport,42.436848,-93.869905,1122,NA,US,,no,KEBS,EBS,KEBS,EBS,,https://en.wikipedia.org/wiki/Webster_City_Municipal_Airport,
KECP,Northwest Florida Beaches International Airport,US-FL,FL,Florida,Panama City Beach,,medium_airport,30.357106,-85.795414,69,NA,US,,yes,KECP,ECP,KECP,ECP,http://iflybeaches.com,https://en.wikipedia.org/wiki/Northwest_Florida_Beaches_International_Airport,Northwest Florida Beaches International Airport
KEDC,Austin Executive Airport,US-TX,TX,Texas,Pflugerville,,small_airport,30.398049,-97.566909,620,NA,US,,no,,,KEDC,EDC,,https://en.wikipedia.org/wiki/Austin_Executive_Airport,"6R4, Bird's Nest"
KEDJ,Bellefontaine Regional Airport,US-OH,OH,Ohio,Bellefontaine,,small_airport,40.372299,-83.819,1122,NA,US,,no,,,KEDJ,EDJ,,https://en.wikipedia.org/wiki/Bellefontaine_Regional_Airport,
KEDU,University Airport,US-CA,CA,California,Davis,,small_airport,38.531502,-121.786489,69,NA,US,,no,,,KEDU,EDU,,https://en.wikipedia.org/wiki/University_Airport,0O5
KEDW,Edwards Air Force Base,US-CA,CA,California,Edwards,,medium_airport,34.905399,-117.884003,2312,NA,US,,no,KEDW,EDW,KEDW,EDW,,https://en.wikipedia.org/wiki/Edwards_Air_Force_Base,
KEEN,Dillant Hopkins Airport,US-NH,NH,New Hampshire,Keene,,medium_airport,42.898399,-72.270798,488,NA,US,,no,KEEN,EEN,KEEN,EEN,https://ci.keene.nh.us/keene-dillant-hopkins-airport,https://en.wikipedia.org/wiki/Dillant-Hopkins_Airport,
KEFK,Northeast Kingdom International Airport,US-VT,VT,Vermont,Newport,,small_airport,44.888802,-72.229202,930,NA,US,,no,KEFK,EFK,KEFK,EFK,,https://en.wikipedia.org/wiki/Newport_State_Airport_(Vermont),Newport State Airport
KEGE,Eagle County Regional Airport,US-CO,CO,Colorado,Eagle,,medium_airport,39.64260101,-106.9179993,6548,NA,US,,yes,KEGE,EGE,KEGE,EGE,http://www.eaglecounty.us/airport/,https://en.wikipedia.org/wiki/Eagle_County_Regional_Airport,
KEHR,Henderson City County Airport,US-KY,KY,Kentucky,Henderson,,small_airport,37.8078,-87.685699,387,NA,US,,no,,,KEHR,EHR,,https://en.wikipedia.org/wiki/Henderson_City-County_Airport,
KEIK,Erie Municipal Airport,US-CO,CO,Colorado,Erie,,small_airport,40.0102005,-105.0479965,5130,NA,US,,no,,,KEIK,EIK,https://www.erieco.gov/93/Airport,https://en.wikipedia.org/wiki/Erie_Municipal_Airport,48V
KEKA,Murray Field,US-CA,CA,California,Eureka,,medium_airport,40.803398,-124.112999,7,NA,US,,no,KEKA,EKA,KEKA,EKA,,https://en.wikipedia.org/wiki/Murray_Field,
KEKO,Elko Regional Airport,US-NV,NV,Nevada,Elko,,medium_airport,40.82490158,-115.7919998,5140,NA,US,,yes,KEKO,EKO,KEKO,EKO,,https://en.wikipedia.org/wiki/Elko_Regional_Airport,
KEKY,Bessemer Airport,US-AL,AL,Alabama,Bessemer,,small_airport,33.312901,-86.925903,700,NA,US,,no,,,KEKY,EKY,https://www.bessemerairportauthority.com/,https://en.wikipedia.org/wiki/Bessemer_Airport,2A3
KELP,El Paso International Airport,US-TX,TX,Texas,El Paso,,medium_airport,31.807199,-106.377998,3959,NA,US,,yes,KELP,ELP,KELP,ELP,https://elpasointernationalairport.com/,https://en.wikipedia.org/wiki/El_Paso_International_Airport,
KEMP,Emporia Municipal Airport,US-KS,KS,Kansas,Emporia,,small_airport,38.33209991,-96.19120026,1208,NA,US,,no,KEMP,EMP,KEMP,EMP,http://visitors.emporia-kansas.gov/index.php/emporia-municipal-airport,https://en.wikipedia.org/wiki/Emporia_Municipal_Airport,
KEMT,San Gabriel Valley Airport,US-CA,CA,California,El Monte,,small_airport,34.086102,-118.035004,296,NA,US,,no,KEMT,EMT,KEMT,EMT,http://www.americanairports.com/Locations/EMTElMonteAirportCA.aspx,https://en.wikipedia.org/wiki/El_Monte_Airport,El Monte Airport
KENL,Centralia Municipal Airport,US-IL,IL,Illinois,Centralia,,small_airport,38.515099,-89.091103,534,NA,US,,no,KENL,ENL,KENL,ENL,https://seecentralia.com/municipal-airport/,https://en.wikipedia.org/wiki/Centralia_Municipal_Airport,
KENW,Kenosha Regional Airport,US-WI,WI,Wisconsin,Kenosha,,medium_airport,42.59569931,-87.92780304,742,NA,US,,no,KENW,ENW,KENW,ENW,http://www.kenosha.org/departments/airport/,https://en.wikipedia.org/wiki/Kenosha_Regional_Airport,
KEQA,Captain Jack Thomas El Dorado Airport,US-KS,KS,Kansas,El Dorado,,small_airport,37.77410126,-96.81759644,1378,NA,US,,no,KEQA,EDK,KEQA,EQA,http://www.eldoks.com/Airport%20Cover.html,https://en.wikipedia.org/wiki/Captain_Jack_Thomas/El_Dorado_Airport,
KEQY,Charlotte-Monroe Executive Airport,US-NC,NC,North Carolina,Monroe,,small_airport,35.01879883,-80.62020111,679,NA,US,,no,,,KEQY,EQY,,https://en.wikipedia.org/wiki/Monroe_Regional_Airport_(North_Carolina),
KERI,Erie International Tom Ridge Field,US-PA,PA,Pennsylvania,Erie,,medium_airport,42.083127,-80.173867,732,NA,US,,yes,KERI,ERI,KERI,ERI,,https://en.wikipedia.org/wiki/Erie_International_Airport,
KERV,Kerrville / Kerr County Airport at Louis Schreiner Field,US-TX,TX,Texas,Kerrville,,small_airport,29.9767,-99.085701,1617,NA,US,,no,KERV,ERV,KERV,ERV,http://www.co.kerr.tx.us/airport/,https://en.wikipedia.org/wiki/Kerrville_Municipal_Airport,Kerrville Municipal Airport
KESN,Easton Airport / Newnam Field,US-MD,MD,Maryland,Easton,,small_airport,38.804199,-76.069,72,NA,US,,no,KESN,ESN,KESN,ESN,http://eastonairport.com/,https://en.wikipedia.org/wiki/Easton_Airport_(Maryland),
KEST,Estherville Municipal Airport,US-IA,IA,Iowa,Estherville,,small_airport,43.407398,-94.746399,1319,NA,US,,no,KEST,EST,KEST,EST,,https://en.wikipedia.org/wiki/Estherville_Municipal_Airport,
KETB,West Bend Municipal Airport,US-WI,WI,Wisconsin,West Bend,,small_airport,43.422278,-88.128966,887,NA,US,,no,KETB,ETB,KETB,ETB,http://www.ci.west-bend.wi.us/Airport/,https://en.wikipedia.org/wiki/West_Bend_Municipal_Airport,
KEUG,Mahlon Sweet Field,US-OR,OR,Oregon,Eugene,,medium_airport,44.12459946,-123.211998,374,NA,US,,yes,KEUG,EUG,KEUG,EUG,,https://en.wikipedia.org/wiki/Eugene_Airport,
KEUL,Caldwell Executive Airport,US-ID,ID,Idaho,Caldwell,,small_airport,43.641899,-116.636002,2432,NA,US,,no,,,KEUL,EUL,,https://en.wikipedia.org/wiki/Caldwell_Executive_Airport,"Caldwell Industrial, Treasure Valley Executive"
KEVB,New Smyrna Beach Municipal Airport,US-FL,FL,Florida,New Smyrna Beach,,small_airport,29.0557,-80.948898,10,NA,US,,no,,,KEVB,EVB,https://www.cityofnsb.com/directory.aspx?did=17,https://en.wikipedia.org/wiki/New_Smyrna_Beach_Municipal_Airport,"34J, Jack Bolt Field"
KEVV,Evansville Regional Airport,US-IN,IN,Indiana,Evansville,,medium_airport,38.03699875,-87.53240204,418,NA,US,,yes,KEVV,EVV,KEVV,EVV,,https://en.wikipedia.org/wiki/Evansville_Regional_Airport,
KEWB,New Bedford Regional Airport,US-MA,MA,Massachusetts,New Bedford,,medium_airport,41.67610168,-70.95690155,80,NA,US,,yes,KEWB,EWB,KEWB,EWB,,https://en.wikipedia.org/wiki/New_Bedford_Regional_Airport,
KEWN,Coastal Carolina Regional Airport,US-NC,NC,North Carolina,New Bern,,medium_airport,35.07300186,-77.04290009,18,NA,US,,yes,KEWN,EWN,KEWN,EWN,,https://en.wikipedia.org/wiki/Craven_County_Regional_Airport,
KEYE,Eagle Creek Airpark,US-IN,IN,Indiana,Indianapolis,,small_airport,39.83069992,-86.29440308,823,NA,US,,no,,,KEYE,EYE,,https://en.wikipedia.org/wiki/Eagle_Creek_Airpark,I14
KEYF,Curtis L Brown Jr Field,US-NC,NC,North Carolina,Elizabethtown,,small_airport,34.60179901,-78.57929993,131,NA,US,,no,,,KEYF,EYF,http://elizabethtownairport.org/,https://en.wikipedia.org/wiki/Curtis_L._Brown_Jr._Field,4W1
KEZF,Shannon Airport,US-VA,VA,Virginia,Fredericksburg,,small_airport,38.2668,-77.449203,85,NA,US,,no,,,KEZF,EZF,,https://en.wikipedia.org/wiki/Shannon_Airport_(Virginia),
KEZI,Kewanee Municipal Airport,US-IL,IL,Illinois,Kewanee,,small_airport,41.2052,-89.963898,858,NA,US,,no,,,KEZI,EZI,,https://en.wikipedia.org/wiki/Kewanee_Municipal_Airport,
KEZS,Shawano Municipal Airport,US-WI,WI,Wisconsin,Shawano,,small_airport,44.787514,-88.560481,813,NA,US,,no,,,KEZS,EZS,https://shawanoairport.com/,https://en.wikipedia.org/wiki/Shawano_Municipal_Airport,"3WO, Shawano Wisconsin Airport and Seaplane Base"
KF05,Wilbarger County Airport,US-TX,TX,Texas,Vernon,,small_airport,34.22570038,-99.28379822,1265,NA,US,,no,,WIB,F05,F05,http://www.co.wilbarger.tx.us/Airport2.htm,https://en.wikipedia.org/wiki/Wilbarger_County_Airport,
KF44,Athens Municipal Airport,US-TX,TX,Texas,Athens,,small_airport,32.163799,-95.8284,444,NA,US,,no,,,,F44,,https://en.wikipedia.org/wiki/Athens_Municipal_Airport,
KF45,North Palm Beach County General Aviation Airport,US-FL,FL,Florida,West Palm Beach,,small_airport,26.8444,-80.221298,22,NA,US,,no,,,KF45,F45,,https://en.wikipedia.org/wiki/North_Palm_Beach_County_General_Aviation_Airport,
KF46,Rockwall Municipal Airport,US-TX,TX,Texas,Rockwall,,small_airport,32.930599,-96.435501,574,NA,US,,no,,,,F46,,https://en.wikipedia.org/wiki/Ralph_M._Hall/Rockwall_Municipal_Airport,
KF69,Air Park Dallas Airport,US-TX,TX,Texas,Dallas,,small_airport,33.023499,-96.836899,695,NA,US,,no,,,,F69,,https://en.wikipedia.org/wiki/Air_Park-Dallas_Airport,
KF70,French Valley Airport,US-CA,CA,California,Murrieta,,small_airport,33.5742,-117.127998,1350,NA,US,,no,,RBK,KF70,F70,http://www.rcfva.com/,https://en.wikipedia.org/wiki/French_Valley_Airport,
KFAR,Hector International Airport,US-ND,ND,North Dakota,Fargo,,medium_airport,46.92070007,-96.81580353,902,NA,US,,yes,KFAR,FAR,KFAR,FAR,http://www.fargoairport.com/,https://en.wikipedia.org/wiki/Hector_International_Airport,"119th Wing, Happy Hooligans"
KFAT,Fresno Yosemite International Airport,US-CA,CA,California,Fresno,,medium_airport,36.776199,-119.718002,336,NA,US,,yes,KFAT,FAT,KFAT,FAT,https://flyfresno.com/,https://en.wikipedia.org/wiki/Fresno_Yosemite_International_Airport,
KFAY,Fayetteville Regional Airport - Grannis Field,US-NC,NC,North Carolina,Fayetteville,,medium_airport,34.991199,-78.880302,189,NA,US,,yes,KFAY,FAY,KFAY,FAY,,https://en.wikipedia.org/wiki/Fayetteville_Regional_Airport,
KFBY,Fairbury Municipal Airport,US-NE,NE,Nebraska,Fairbury,,small_airport,40.18299866,-97.16929626,1479,NA,US,,no,KFBY,FBY,KFBY,FBY,http://www.fairbury.com/pages/fairbury_airport.html,,
KFCH,Fresno Chandler Executive Airport,US-CA,CA,California,Fresno,,small_airport,36.732399,-119.82,279,NA,US,,no,KFCH,FCH,KFCH,FCH,https://flyfresno.com/chandler-executive/,https://en.wikipedia.org/wiki/Fresno_Chandler_Executive_Airport,
KFCI,Richmond Executive-Chesterfield County Airport,US-VA,VA,Virginia,North Chesterfield,,small_airport,37.406502,-77.525002,236,NA,US,,no,KFCI,,KFCI,FCI,https://www.chesterfield.gov/739/Airport,https://en.wikipedia.org/wiki/Chesterfield_County_Airport,
KFCM,Flying Cloud Airport,US-MN,MN,Minnesota,Minneapolis,,small_airport,44.82720184,-93.45709991,906,NA,US,,no,KFCM,FCM,KFCM,FCM,http://www.metroairports.org/General-Aviation/Airports/Flying-Cloud.aspx,https://en.wikipedia.org/wiki/Flying_Cloud_Airport,
KFDK,Frederick Municipal Airport,US-MD,MD,Maryland,Frederick,,small_airport,39.41759872,-77.3742981,303,NA,US,,no,KFDK,FDK,KFDK,FDK,https://www.cityoffrederick.com/index.aspx?NID=152,https://en.wikipedia.org/wiki/Frederick_Municipal_Airport_(Maryland),
KFDW,Fairfield County Airport,US-SC,SC,South Carolina,Winnsboro,,small_airport,34.315498,-81.108803,577,NA,US,,no,,,KFDW,FDW,,https://en.wikipedia.org/wiki/Fairfield_County_Airport_(South_Carolina),
KFET,Fremont Municipal Airport,US-NE,NE,Nebraska,Fremont,,small_airport,41.45024,-96.522884,1204,NA,US,,no,KFET,FET,KFET,FET,http://www.fremontne.gov/index.aspx?nid=398,https://en.wikipedia.org/wiki/Fremont_Municipal_Airport_(Nebraska),
KFFC,Peachtree City Falcon Field,US-GA,GA,Georgia,Peachtree City,,small_airport,33.3573,-84.5718,808,NA,US,,no,,,KFFC,FFC,,https://en.wikipedia.org/wiki/Atlanta_Regional_Airport,
KFFL,Fairfield Municipal Airport,US-IA,IA,Iowa,Fairfield,,small_airport,41.053024,-91.980114,799,NA,US,,no,KFFL,FFL,KFFL,FFL,http://cityoffairfieldiowa.com/index.aspx?nid=65,https://en.wikipedia.org/wiki/Fairfield_Municipal_Airport_(Iowa),
KFFZ,Falcon Field,US-AZ,AZ,Arizona,Mesa,,small_airport,33.46080017,-111.7279968,1394,NA,US,,no,KFFZ,MSC,KFFZ,FFZ,http://www.falconfieldairport.com/,https://en.wikipedia.org/wiki/Falcon_Field_(Arizona),
KFGU,Collegedale Municipal Airport,US-TN,TN,Tennessee,Apison,,small_airport,35.044315,-85.020146,860,NA,US,,no,,,KFGU,FGU,https://www.collegedaleairport.com/,https://en.wikipedia.org/wiki/Collegedale_Municipal_Airport,3M3
KFGX,Fleming Mason Airport,US-KY,KY,Kentucky,Flemingsburg,,small_airport,38.54180145,-83.74340057,913,NA,US,,no,,,KFGX,FGX,,https://en.wikipedia.org/wiki/Fleming-Mason_Airport,
KFHR,Friday Harbor Airport,US-WA,WA,Washington,Friday Harbor,,medium_airport,48.523654,-123.024645,113,NA,US,,yes,KFHR,FRD,KFHR,FHR,http://www.portfridayharbor.org/?page_id=49,https://en.wikipedia.org/wiki/Friday_Harbor_Airport,
KFIT,Fitchburg Municipal Airport,US-MA,MA,Massachusetts,Fitchburg,,small_airport,42.55410004,-71.75900269,348,NA,US,,no,,,KFIT,FIT,,https://en.wikipedia.org/wiki/Fitchburg_Municipal_Airport,
KFKL,Venango Regional Airport,US-PA,PA,Pennsylvania,Franklin,,medium_airport,41.37789917,-79.86039734,1540,NA,US,,no,KFKL,FKL,KFKL,FKL,,https://en.wikipedia.org/wiki/Venango_Regional_Airport,
KFKR,Frankfort Clinton County Regional Airport,US-IN,IN,Indiana,Frankfort,,small_airport,40.273399,-86.562202,861,NA,US,,no,,,KFKR,FKR,,https://en.wikipedia.org/wiki/Frankfort_Municipal_Airport,Frankfort Municipal
KFLD,Fond du Lac County Airport,US-WI,WI,Wisconsin,Fond du Lac,,small_airport,43.77119827,-88.48840332,808,NA,US,,no,KFLD,FLD,KFLD,FLD,http://www.fdlco.wi.gov/departments/departments-a-e/airport,https://en.wikipedia.org/wiki/Fond_du_Lac_County_Airport,
KFME,Tipton Airport,US-MD,MD,Maryland,Fort Meade(Odenton),,medium_airport,39.08539963,-76.75939941,150,NA,US,,no,KFME,FME,KFME,FME,http://tiptonairport.org/,https://en.wikipedia.org/wiki/Tipton_Airport,Fort George G. Meade Army Airfield
KFMN,Four Corners Regional Airport,US-NM,NM,New Mexico,Farmington,,medium_airport,36.741199,-108.230003,5506,NA,US,,no,KFMN,FMN,KFMN,FMN,,https://en.wikipedia.org/wiki/Four_Corners_Regional_Airport,
KFMY,Page Field,US-FL,FL,Florida,Fort Myers,,medium_airport,26.58659935,-81.86329651,17,NA,US,,no,KFMY,FMY,KFMY,FMY,http://www.flylcpa.com/aboutfmy,https://en.wikipedia.org/wiki/Page_Field,
KFNL,Northern Colorado Regional Airport,US-CO,CO,Colorado,Loveland,,medium_airport,40.44969,-105.011272,5016,NA,US,,no,KFNL,FNL,KFNL,FNL,http://www.flynoco.com/,https://en.wikipedia.org/wiki/Northern_Colorado_Regional_Airport,Fort Collins Loveland Municipal
KFNT,Bishop International Airport,US-MI,MI,Michigan,Flint,,medium_airport,42.9654007,-83.74359894,782,NA,US,,yes,KFNT,FNT,KFNT,FNT,,https://en.wikipedia.org/wiki/Bishop_International_Airport,
KFOD,Fort Dodge Regional Airport,US-IA,IA,Iowa,Fort Dodge,,medium_airport,42.552624,-94.191237,1156,NA,US,,yes,KFOD,FOD,KFOD,FOD,,https://en.wikipedia.org/wiki/Fort_Dodge_Regional_Airport,
KFRG,Republic Airport,US-NY,NY,New York,Farmingdale,,medium_airport,40.72880173,-73.41339874,82,NA,US,,no,KFRG,FRG,KFRG,FRG,http://www.republicairport.net/,https://en.wikipedia.org/wiki/Republic_Airport,Fairchild Flying Field
KFRR,Front Royal Warren County Airport,US-VA,VA,Virginia,Front Royal,,small_airport,38.9175,-78.253502,709,NA,US,,no,KFRR,FRR,KFRR,FRR,,https://en.wikipedia.org/wiki/Front_Royal%E2%80%93Warren_County_Airport,
KFSO,Franklin County State Airport,US-VT,VT,Vermont,Swanton,,small_airport,44.9403,-73.097504,228,NA,US,,no,,,KFSO,FSO,,https://en.wikipedia.org/wiki/Franklin_County_State_Airport,Highgate
KFTG,Colorado Air and Space Port,US-CO,CO,Colorado,Denver,,small_airport,39.784194,-104.537639,5512,NA,US,,no,,,KCFO,CFO,,https://en.wikipedia.org/wiki/Colorado_Air_and_Space_Port,"Colorado Air And Space Port, KFTG, FTG, Front Range Airport"
KFTW,Fort Worth Meacham International Airport,US-TX,TX,Texas,Fort Worth,,medium_airport,32.819801,-97.362396,710,NA,US,,no,KFTW,FTW,KFTW,FTW,http://meacham.com/,https://en.wikipedia.org/wiki/Fort_Worth_Meacham_International_Airport,
KFUL,Fullerton Municipal Airport,US-CA,CA,California,Fullerton,,small_airport,33.87200165,-117.9800034,96,NA,US,,no,KFUL,FUL,KFUL,FUL,http://www.cityoffullerton.com/depts/airport/,https://en.wikipedia.org/wiki/Fullerton_Municipal_Airport,
KFWB,Branson West Municipal - Emerson Field,US-MO,MO,Missouri,Branson West,,small_airport,36.698497,-93.402249,1348,NA,US,,no,,,KFWB,FWB,,https://en.wikipedia.org/wiki/Branson_West_Airport,
KFWN,Sussex Airport,US-NJ,NJ,New Jersey,Sussex,,small_airport,41.20019913,-74.6230011,421,NA,US,,no,,,KFWN,FWN,,https://en.wikipedia.org/wiki/Sussex_Airport_(New_Jersey),
KFWS,Fort Worth Spinks Airport,US-TX,TX,Texas,Fort Worth,,small_airport,32.565201,-97.308098,700,NA,US,,no,,,KFWS,FWS,,https://en.wikipedia.org/wiki/Fort_Worth_Spinks_Airport,
KFXE,Fort Lauderdale Executive Airport,US-FL,FL,Florida,Fort Lauderdale,,medium_airport,26.19729996,-80.17070007,13,NA,US,,no,KFXE,FXE,KFXE,FXE,http://www.fortlauderdale.gov/fxE/index.htm,https://en.wikipedia.org/wiki/Fort_Lauderdale_Executive_Airport,West Prospect Satellite Field
KFYE,Fayette County Airport,US-TN,TN,Tennessee,Somerville,,small_airport,35.207699,-89.394501,436,NA,US,,no,,,KFYE,FYE,,https://en.wikipedia.org/wiki/Fayette_County_Airport_(Tennessee),
KGAD,Northeast Alabama Regional Airport,US-AL,AL,Alabama,Gadsden,,small_airport,33.972599,-86.088996,569,NA,US,,no,KGAD,GAD,KGAD,GAD,http://www.nealair.com/,https://en.wikipedia.org/wiki/Northeast_Alabama_Regional_Airport,Gadsden Municipal
KGAI,Montgomery County Airpark,US-MD,MD,Maryland,Gaithersburg,,small_airport,39.168301,-77.166,539,NA,US,,no,KGAI,GAI,KGAI,GAI,http://www.montgomerycountyairpark.com/,https://en.wikipedia.org/wiki/Montgomery_County_Airpark,
KGBD,Great Bend Municipal Airport,US-KS,KS,Kansas,Great Bend,,small_airport,38.344299,-98.8592,1887,NA,US,,no,KGBD,GBD,KGBD,GBD,,https://en.wikipedia.org/wiki/Great_Bend_Municipal_Airport,
KGBG,Galesburg Municipal Airport,US-IL,IL,Illinois,Galesburg,,small_airport,40.93799973,-90.43109894,764,NA,US,,no,KGBG,GBG,KGBG,GBG,http://www.ci.galesburg.il.us/services/airport/,https://en.wikipedia.org/wiki/Galesburg_Municipal_Airport,
KGBR,Walter J. Koladza Airport,US-MA,MA,Massachusetts,Great Barrington,,small_airport,42.18420029,-73.40319824,739,NA,US,,no,KGBR,GBR,KGBR,GBR,http://greatbarringtonairport.com/,https://en.wikipedia.org/wiki/Walter_J._Koladza_Airport,
KGCM,Claremore Regional Airport,US-OK,OK,Oklahoma,Claremore,,small_airport,36.292702,-95.479599,733,NA,US,,no,,,KGCM,GCM,,https://en.wikipedia.org/wiki/Claremore_Regional_Airport,
KGCY,Greeneville Municipal Airport,US-TN,TN,Tennessee,Greeneville,,small_airport,36.195648,-82.811482,1608,NA,US,,no,KGCY,GCY,KGCY,GCY,http://www.greenevilleaviation.com/,https://en.wikipedia.org/wiki/Greeneville-Greene_County_Municipal_Airport,Greene County
KGED,Delaware Coastal Airport,US-DE,DE,Delaware,Georgetown,,small_airport,38.689201,-75.358902,53,NA,US,,no,KGED,GED,KGED,GED,https://www.sussexcountyde.gov/about/airport/,https://en.wikipedia.org/wiki/Sussex_County_Airport,
KGEZ,Shelbyville Municipal Airport,US-IN,IN,Indiana,Shelbyville,,small_airport,39.586044,-85.804024,803,NA,US,,no,,,KGEZ,GEZ,,https://en.wikipedia.org/wiki/Shelbyville_Municipal_Airport_(Indiana),
KGFK,Grand Forks International Airport,US-ND,ND,North Dakota,Grand Forks,,medium_airport,47.949299,-97.176102,845,NA,US,,yes,KGFK,GFK,KGFK,GFK,http://www.gfkairport.com/,https://en.wikipedia.org/wiki/Grand_Forks_International_Airport,
KGFL,Floyd Bennett Memorial Airport,US-NY,NY,New York,Glens Falls,,medium_airport,43.34120178,-73.61029816,328,NA,US,,no,KGFL,GFL,KGFL,GFL,http://www.warrencountydpw.com/airport_07/,https://en.wikipedia.org/wiki/Floyd_Bennett_Memorial_Airport,
KGGG,East Texas Regional Airport,US-TX,TX,Texas,Longview,,medium_airport,32.38399887,-94.71150208,365,NA,US,,yes,KGGG,GGG,KGGG,GGG,,https://en.wikipedia.org/wiki/East_Texas_Regional_Airport,
KGHG,Marshfield Municipal George Harlow Field,US-MA,MA,Massachusetts,Marshfield,,small_airport,42.097665,-70.67283,11,NA,US,,no,,,KGHG,GHG,,https://en.wikipedia.org/wiki/Marshfield_Municipal_Airport_(Massachusetts),3B2
KGHM,Centerville Municipal Airport,US-TN,TN,Tennessee,Centerville,,small_airport,35.83739853,-87.44539642,768,NA,US,,no,KGHM,GHM,KGHM,GHM,,https://en.wikipedia.org/wiki/Centerville_Municipal_Airport_(Tennessee),
KGIF,Winter Haven Regional Airport - Gilbert Field,US-FL,FL,Florida,Winter Haven,,small_airport,28.062901,-81.753304,145,NA,US,,no,KGIF,GIF,KGIF,GIF,http://kgif.mywinterhaven.com/,https://en.wikipedia.org/wiki/Winter_Haven's_Gilbert_Airport,
KGJT,Grand Junction Regional Airport,US-CO,CO,Colorado,Grand Junction,,medium_airport,39.126663,-108.529387,4858,NA,US,,yes,KGJT,GJT,KGJT,GJT,http://www.gjairport.com/,https://en.wikipedia.org/wiki/Grand_Junction_Regional_Airport,
KGKJ,Port Meadville Airport,US-PA,PA,Pennsylvania,Meadville,,small_airport,41.626499,-80.214699,1399,NA,US,,no,KGKJ,MEJ,KGKJ,GKJ,"http://www.crawfordcountypa.net/portal/page?_dad=portal&_pageid=393,916281&_schema=PORTAL",https://en.wikipedia.org/wiki/Port_Meadville_Airport,2G6
KGKT,Gatlinburg-Pigeon Forge Airport,US-TN,TN,Tennessee,Sevierville,,small_airport,35.85779953,-83.52870178,1014,NA,US,,no,KGKT,GKT,KGKT,GKT,,https://en.wikipedia.org/wiki/Gatlinburg-Pigeon_Forge_Airport,
KGLD,Renner Field Goodland Municipal,US-KS,KS,Kansas,Goodland,,medium_airport,39.370701,-101.699753,3656,NA,US,,no,KGLD,GLD,KGLD,GLD,,https://en.wikipedia.org/wiki/Goodland_Municipal_Airport,Renner Field
KGLE,Gainesville Municipal Airport,US-TX,TX,Texas,Gainesville,,small_airport,33.65140152,-97.1969986,845,NA,US,,no,KGLE,GLE,KGLE,GLE,http://www.gainesville.tx.us/index.aspx?nid=99,https://en.wikipedia.org/wiki/Gainesville_Municipal_Airport,
KGLW,Glasgow Municipal Airport,US-KY,KY,Kentucky,Glasgow,,small_airport,37.03179932,-85.9536972,716,NA,US,,no,KGLW,GLW,KGLW,GLW,http://www.glasgowaviation.com/,https://en.wikipedia.org/wiki/Glasgow_Municipal_Airport,
KGMU,Greenville Downtown Airport,US-SC,SC,South Carolina,Greenville,,medium_airport,34.847903,-82.350217,1048,NA,US,,no,KGMU,GMU,KGMU,GMU,http://www.greenvilledowntownairport.com/,https://en.wikipedia.org/wiki/Greenville_Downtown_Airport,
KGNV,Gainesville Regional Airport,US-FL,FL,Florida,Gainesville,,medium_airport,29.69009972,-82.27179718,152,NA,US,,yes,KGNV,GNV,KGNV,GNV,,https://en.wikipedia.org/wiki/Gainesville_Regional_Airport,
KGOK,Guthrie-Edmond Regional Airport,US-OK,OK,Oklahoma,Guthrie,,small_airport,35.84980011,-97.41560364,1069,NA,US,,no,KGOK,GOK,KGOK,GOK,http://www.guthrieedmondregionalairport.com/,https://en.wikipedia.org/wiki/Guthrie%E2%80%93Edmond_Regional_Airport,
KGON,Groton New London Airport,US-CT,CT,Connecticut,Groton,,medium_airport,41.330101,-72.045097,9,NA,US,,no,KGON,GON,KGON,GON,https://ctairports.org/airports/groton-newlondon/,https://en.wikipedia.org/wiki/Groton-New_London_Airport,New London
KGOO,Nevada County Airport,US-CA,CA,California,Grass Valley,,small_airport,39.223998,-121.002997,3152,NA,US,,no,,,KGOO,GOO,https://www.mynevadacounty.com/149/Airport,https://en.wikipedia.org/wiki/Nevada_County_Air_Park,"O17, Nevada County Air Park, Loma Rica Airport"
KGPI,Glacier Park International Airport,US-MT,MT,Montana,Kalispell,,medium_airport,48.3105011,-114.2559967,2977,NA,US,,yes,KGPI,FCA,KGPI,GPI,http://www.iflyglacier.com/,https://en.wikipedia.org/wiki/Glacier_Park_International_Airport,Formerly KFCA
KGPM,Grand Prairie Municipal Airport,US-TX,TX,Texas,Grand Prairie,,small_airport,32.698799,-97.046898,588,NA,US,,no,,,KGPM,GPM,,https://en.wikipedia.org/wiki/Grand_Prairie_Municipal_Airport,
KGPT,Gulfport Biloxi International Airport,US-MS,MS,Mississippi,Gulfport,,medium_airport,30.407301,-89.070099,28,NA,US,,yes,KGPT,GPT,KGPT,GPT,,https://en.wikipedia.org/wiki/Gulfport-Biloxi_International_Airport,
KGPZ,Grand Rapids Itasca Co-Gordon Newstrom field,US-MN,MN,Minnesota,Grand Rapids,,small_airport,47.21110153,-93.50980377,1355,NA,US,,no,KGPZ,GPZ,KGPZ,GPZ,http://grandrapids.govoffice.com/vertical/Sites/%7B938C328A-AD1C-45AA-A862-764C60A37DEF%7D/uploads/%7B7E8C4920-D1DC-4696-9A43-FF,https://en.wikipedia.org/wiki/Grand_Rapids_%E2%80%93_Itasca_County_Airport,
KGQQ,Galion Municipal Airport,US-OH,OH,Ohio,Galion,,small_airport,40.7533989,-82.72380066,1224,NA,US,,no,KGQQ,GQQ,KGQQ,GQQ,http://www.ci.galion.oh.us/airport/airport.html,https://en.wikipedia.org/wiki/Galion_Municipal_Airport,
KGRB,Austin Straubel International Airport,US-WI,WI,Wisconsin,Green Bay,,medium_airport,44.483459,-88.130805,695,NA,US,,yes,KGRB,GRB,KGRB,GRB,,https://en.wikipedia.org/wiki/Austin_Straubel_International_Airport,
KGRD,Greenwood County Airport,US-SC,SC,South Carolina,Greenwood,,small_airport,34.248699,-82.159103,631,NA,US,,no,KGRD,GRD,KGRD,GRD,,https://en.wikipedia.org/wiki/Greenwood_County_Airport,
KGRE,Greenville Airport,US-IL,IL,Illinois,Greenville,,small_airport,38.836844,-89.376525,541,NA,US,,no,KGRE,GRE,KGRE,GRE,,https://en.wikipedia.org/wiki/Greenville_Airport,
KGRR,Gerald R. Ford International Airport,US-MI,MI,Michigan,Grand Rapids,,medium_airport,42.88079834,-85.52279663,794,NA,US,,yes,KGRR,GRR,KGRR,GRR,,https://en.wikipedia.org/wiki/Gerald_R._Ford_International_Airport,
KGSH,Goshen Municipal Airport,US-IN,IN,Indiana,Goshen,,small_airport,41.52640152,-85.79290009,827,NA,US,,no,KGSH,GSH,KGSH,GSH,http://www.goshenindiana.org/content/goshen-municipal-airport,https://en.wikipedia.org/wiki/Goshen_Municipal_Airport,
KGSO,Piedmont Triad International Airport,US-NC,NC,North Carolina,Greensboro,,medium_airport,36.097801,-79.937302,925,NA,US,,yes,KGSO,GSO,KGSO,GSO,,https://en.wikipedia.org/wiki/Piedmont_Triad_International_Airport,
KGTF,Great Falls International Airport,US-MT,MT,Montana,Great Falls,,medium_airport,47.48199844,-111.3710022,3680,NA,US,,yes,KGTF,GTF,KGTF,GTF,,https://en.wikipedia.org/wiki/Great_Falls_International_Airport,
KGTU,Georgetown Executive Airport at Johnny Gantt Field,US-TX,TX,Texas,Georgetown,,small_airport,30.677543,-97.678524,790,NA,US,,no,,,KGTU,GTU,,https://en.wikipedia.org/wiki/Georgetown_Municipal_Airport,Georgetown Municipal
KGUC,Gunnison Crested Butte Regional Airport,US-CO,CO,Colorado,Gunnison,,medium_airport,38.534672,-106.934566,7680,NA,US,,yes,KGUC,GUC,KGUC,GUC,,https://en.wikipedia.org/wiki/Gunnison-Crested_Butte_Regional_Airport,
KGUY,Guymon Municipal Airport,US-OK,OK,Oklahoma,Guymon,,medium_airport,36.68510056,-101.5080032,3123,NA,US,,no,KGUY,GUY,KGUY,GUY,http://www.guymonok.org/index.aspx?NID=179,https://en.wikipedia.org/wiki/Guymon_Municipal_Airport,
KGVL,Lee Gilmer Memorial Airport,US-GA,GA,Georgia,Gainesville,,small_airport,34.27259827,-83.8302002,1276,NA,US,,no,KGVL,GVL,KGVL,GVL,https://www.gainesville.org/lee-gilmer-memorial-airport,https://en.wikipedia.org/wiki/Lee_Gilmer_Memorial_Airport,
KGWB,De Kalb County Airport,US-IN,IN,Indiana,Auburn,,small_airport,41.307201,-85.0644,880,NA,US,,no,,,KGWB,GWB,https://dekalbcountyairport.com/,https://en.wikipedia.org/wiki/DeKalb_County_Airport_(Indiana),07C
KGWO,Greenwood–Leflore Airport,US-MS,MS,Mississippi,Greenwood,,medium_airport,33.495025,-90.088204,162,NA,US,,no,KGWO,GWO,KGWO,GWO,http://greenwoodms.com/index.aspx?nid=113,https://en.wikipedia.org/wiki/Greenwood%E2%80%93Leflore_Airport,Greenwood Army Airfield
KGWS,Glenwood Springs Municipal Airport,US-CO,CO,Colorado,Glenwood Springs,,small_airport,39.50830078,-107.310997,5916,NA,US,,no,KGWS,GWS,KGWS,GWS,http://www.glenwoodspringsairport.com/,,
KGWW,Wayne Executive Jetport,US-NC,NC,North Carolina,Pikeville,,small_airport,35.460602,-77.964897,134,NA,US,,no,,,KGWW,GWW,,https://en.wikipedia.org/wiki/Wayne_Executive_Jetport,Goldsboro-Wayne Municipal Airport
KGXY,Greeley–Weld County Airport,US-CO,CO,Colorado,Greeley,,small_airport,40.43740082,-104.6330032,4697,NA,US,,no,KGXY,GXY,KGXY,GXY,http://www.gxy.net/,https://en.wikipedia.org/wiki/Greeley-Weld_County_Airport,Crosier Field
KGYI,North Texas Regional Airport Perrin Field,US-TX,TX,Texas,Denison,,medium_airport,33.7141,-96.673698,749,NA,US,,no,KGYI,PNX,KGYI,GYI,http://www.northtexasregionalairport.com/,https://en.wikipedia.org/wiki/North_Texas_Regional_Airport,"Perrin AFB, Grayson County, Sherman"
KH34,Huntsville Municipal Airport,US-AR,AR,Arkansas,Huntsville,,small_airport,36.078201,-93.754799,1749,NA,US,,no,,,,H34,,https://en.wikipedia.org/wiki/Huntsville_Municipal_Airport_(Arkansas),
KH37,Herlong Airport,US-CA,CA,California,Herlong,,small_airport,40.13880157,-120.1790009,4055,NA,US,,no,,,H37,H37,,,
KHAI,Three Rivers Municipal Dr Haines Airport,US-MI,MI,Michigan,Three Rivers,,small_airport,41.959801,-85.593399,824,NA,US,,no,KHAI,HAI,KHAI,HAI,,https://en.wikipedia.org/wiki/Three_Rivers_Municipal_Dr._Haines_Airport,
KHAO,Butler Co Regional Airport - Hogan Field,US-OH,OH,Ohio,Hamilton,,small_airport,39.36380005,-84.52200317,633,NA,US,,no,KHAO,HAO,KHAO,HAO,http://bcra.butlercountyohio.org/,https://en.wikipedia.org/wiki/Butler_County_Regional_Airport,
KHBI,Asheboro Regional Airport,US-NC,NC,North Carolina,Asheboro,,small_airport,35.65449905,-79.8946991,671,NA,US,,no,,,KHBI,HBI,,https://en.wikipedia.org/wiki/Asheboro_Regional_Airport,
KHCR,Heber Valley Airport,US-UT,UT,Utah,Heber,,small_airport,40.4818,-111.429001,5637,NA,US,,no,,,KHCR,HCR,https://www.russmcdonaldfield.com/,https://en.wikipedia.org/wiki/Heber_City_Municipal_Airport,"36U, Heber City Municipal Airport - Russ McDonald Field"
KHDC,Hammond Northshore Regional Airport,US-LA,LA,Louisiana,Hammond,,small_airport,30.521601,-90.418404,47,NA,US,,no,,,KHDC,HDC,,https://en.wikipedia.org/wiki/Hammond_Northshore_Regional_Airport,
KHDO,South Texas Regional Airport at Hondo,US-TX,TX,Texas,Hondo,,small_airport,29.35950089,-99.17669678,930,NA,US,,no,,,KHDO,HDO,,https://en.wikipedia.org/wiki/South_Texas_Regional_Airport_at_Hondo,Hondo Municipal Airport
KHEF,Manassas Regional Airport/Harry P. Davis Field,US-VA,VA,Virginia,Manassas,,medium_airport,38.721401,-77.515404,192,NA,US,,no,KHEF,MNZ,KHEF,HEF,http://www.manassascity.org/Index.aspx?NID=131,https://en.wikipedia.org/wiki/Manassas_Regional_Airport,
KHFD,Hartford Brainard Airport,US-CT,CT,Connecticut,Hartford,,medium_airport,41.73669815,-72.6493988,18,NA,US,,no,KHFD,HFD,KHFD,HFD,,https://en.wikipedia.org/wiki/Hartford-Brainard_Airport,
KHFJ,Monett Regional Airport,US-MO,MO,Missouri,Pierce City,,small_airport,36.9062,-94.012802,1314,NA,US,,no,,,KHFJ,HFJ,,https://en.wikipedia.org/wiki/Monett_Municipal_Airport,Formerly M58
KHFY,Indy South Greenwood Airport,US-IN,IN,Indiana,Indianapolis,,small_airport,39.628399,-86.087898,822,NA,US,,no,,,KHFY,HFY,,https://en.wikipedia.org/wiki/Indy_South_Greenwood_Airport,Greenwood Municipal
KHGR,Hagerstown Regional Richard A Henson Field,US-MD,MD,Maryland,Hagerstown,,medium_airport,39.708771,-77.728014,703,NA,US,,yes,KHGR,HGR,KHGR,HGR,,https://en.wikipedia.org/wiki/Hagerstown_Regional_Airport,
KHHF,Hemphill County Airport,US-TX,TX,Texas,Canadian,,small_airport,35.89530182,-100.4039993,2396,NA,US,,no,,,KHHF,HHF,,,
KHHR,Jack Northrop Field Hawthorne Municipal Airport,US-CA,CA,California,Hawthorne,,medium_airport,33.922798,-118.334999,66,NA,US,,yes,KHHR,HHR,KHHR,HHR,,https://en.wikipedia.org/wiki/Hawthorne_Municipal_Airport_(California),
KHIE,Mount Washington Regional Airport,US-NH,NH,New Hampshire,Whitefield,,small_airport,44.36752,-71.545765,1074,NA,US,,no,KHIE,HIE,KHIE,HIE,http://www.mountwashingtonairport.com/,https://en.wikipedia.org/wiki/Mount_Washington_Regional_Airport,
KHIO,Portland Hillsboro Airport,US-OR,OR,Oregon,Portland,,medium_airport,45.540401,-122.949997,208,NA,US,,no,KHIO,HIO,KHIO,HIO,http://www.flypdx.com/Airports/Hillsboro/,https://en.wikipedia.org/wiki/Hillsboro_Airport,
KHKS,Hawkins Field,US-MS,MS,Mississippi,Jackson,,small_airport,32.33449936,-90.22219849,341,NA,US,,no,KHKS,HKS,KHKS,HKS,http://jmaa.com/hks/,https://en.wikipedia.org/wiki/Hawkins_Field_(airport),"Davis Field, Jackson AAB"
KHKY,Hickory Regional Airport,US-NC,NC,North Carolina,Hickory,,medium_airport,35.74110031,-81.38950348,1190,NA,US,,no,KHKY,HKY,KHKY,HKY,,https://en.wikipedia.org/wiki/Hickory_Regional_Airport,
KHLN,Helena Regional Airport,US-MT,MT,Montana,Helena,,medium_airport,46.6068,-111.983002,3877,NA,US,,yes,KHLN,HLN,KHLN,HLN,,https://en.wikipedia.org/wiki/Helena_Regional_Airport,
KHMN,Holloman Air Force Base,US-NM,NM,New Mexico,Alamogordo,,medium_airport,32.852501,-106.107002,4093,NA,US,,no,KHMN,HMN,KHMN,HMN,http://www.holloman.af.mil/,https://en.wikipedia.org/wiki/Holloman_Air_Force_Base,Alamogordo AAF
KHMT,Hemet Ryan Airport,US-CA,CA,California,Hemet,,small_airport,33.73400116,-117.0230026,1512,NA,US,,no,KHMT,HMT,KHMT,HMT,http://www.rchmtra.com/,https://en.wikipedia.org/wiki/Hemet-Ryan_Airport,
KHMZ,Bedford County Airport,US-PA,PA,Pennsylvania,Bedford,,small_airport,40.085952,-78.513359,1162,NA,US,,no,,,KHMZ,HMZ,,https://en.wikipedia.org/wiki/Bedford_County_Airport,
KHNB,Huntingburg Airport,US-IN,IN,Indiana,Huntingburg,,small_airport,38.24900055,-86.9536972,529,NA,US,,no,KHNB,HNB,KHNB,HNB,http://huntingburgairport.com/,https://en.wikipedia.org/wiki/Huntingburg_Airport,
KHND,Henderson Executive Airport,US-NV,NV,Nevada,Las Vegas,,small_airport,35.97280121,-115.1340027,2492,NA,US,,no,KHND,HSH,KHND,HND,http://www.hnd.aero/,https://en.wikipedia.org/wiki/Henderson_Executive_Airport,"L15, Sky Harbor Airport"
KHNZ,Henderson Oxford Airport,US-NC,NC,North Carolina,Oxford,,small_airport,36.361599,-78.529198,526,NA,US,,no,,,KHNZ,HNZ,,https://en.wikipedia.org/wiki/Henderson%E2%80%93Oxford_Airport,
KHOU,William P Hobby Airport,US-TX,TX,Texas,Houston,,medium_airport,29.645399,-95.2789,46,NA,US,,yes,KHOU,HOU,KHOU,HOU,http://www.fly2houston.com/hobbyHome,https://en.wikipedia.org/wiki/William_P._Hobby_Airport,QHO
KHPN,Westchester County Airport,US-NY,NY,New York,White Plains,,medium_airport,41.06700134,-73.70760345,439,NA,US,,yes,KHPN,HPN,KHPN,HPN,,https://en.wikipedia.org/wiki/Westchester_County_Airport,"Manhattan, New York City, NYC"
KHQU,Thomson-McDuffie County Airport,US-GA,GA,Georgia,Thomson,,small_airport,33.52970123,-82.51650238,501,NA,US,,no,,,KHQU,HQU,http://www.thomson-mcduffie.com/citycounty/departments/thomson-city-departments/airport,,48J
KHQZ,Mesquite Metro Airport,US-TX,TX,Texas,Mesquite,,small_airport,32.747002,-96.530403,447,NA,US,,no,,,KHQZ,HQZ,,https://en.wikipedia.org/wiki/Mesquite_Metro_Airport,
KHRL,Valley International Airport,US-TX,TX,Texas,Harlingen,,medium_airport,26.22850037,-97.65440369,36,NA,US,,yes,KHRL,HRL,KHRL,HRL,,https://en.wikipedia.org/wiki/Valley_International_Airport,
KHRX,Hereford Municipal Airport,US-TX,TX,Texas,Hereford,,small_airport,34.85779953,-102.3259964,3788,NA,US,,no,,,KHRX,HRX,,,
KHSA,Stennis International Airport,US-MS,MS,Mississippi,Bay St Louis,,small_airport,30.3678,-89.454597,23,NA,US,,no,,,KHSA,HSA,https://flystennis.com/,https://en.wikipedia.org/wiki/Stennis_International_Airport,
KHSD,Sundance Airport,US-OK,OK,Oklahoma,Oklahoma City,,small_airport,35.601799,-97.7062,1193,NA,US,,no,,,KHSD,HSD,,https://en.wikipedia.org/wiki/Sundance_Airport,
KHSI,Hastings Municipal Airport,US-NE,NE,Nebraska,Hastings,,small_airport,40.6053009,-98.42790222,1961,NA,US,,no,KHSI,HSI,KHSI,HSI,http://www.cityofhastings.org/airport/,https://en.wikipedia.org/wiki/Hastings_Municipal_Airport,
KHSV,Huntsville International Carl T Jones Field,US-AL,AL,Alabama,Huntsville,,medium_airport,34.637199,-86.775101,629,NA,US,,yes,KHSV,HSV,KHSV,HSV,http://www.flyhuntsville.com/portal/#.VbaG-_lVhBc,https://en.wikipedia.org/wiki/Huntsville_International_Airport,
KHUA,Redstone Army Air Field,US-AL,AL,Alabama,Redstone Arsnl Huntsville,,medium_airport,34.67869949,-86.68479919,684,NA,US,,no,KHUA,HUA,KHUA,HUA,,https://en.wikipedia.org/wiki/Redstone_Army_Airfield,
KHUF,"Terre Haute Regional Airport, Hulman Field",US-IN,IN,Indiana,Terre Haute,,medium_airport,39.4515,-87.307602,589,NA,US,,no,,HUF,KHUF,HUF,http://huf.com/,https://en.wikipedia.org/wiki/Terre_Haute_Regional_Airport,
KHUM,Houma Terrebonne Airport,US-LA,LA,Louisiana,Houma,,small_airport,29.56649971,-90.66040039,10,NA,US,,no,KHUM,HUM,KHUM,HUM,http://www.houma-airport.com/,https://en.wikipedia.org/wiki/Houma%E2%80%93Terrebonne_Airport,NAS Houma
KHVN,Tweed New Haven Airport,US-CT,CT,Connecticut,New Haven,,medium_airport,41.26369858,-72.88680267,12,NA,US,,yes,KHVN,HVN,KHVN,HVN,,https://en.wikipedia.org/wiki/Tweed_New_Haven_Regional_Airport,
KHWD,Hayward Executive Airport,US-CA,CA,California,Hayward,,small_airport,37.65919876,-122.1220016,52,NA,US,,no,KHWD,HWD,KHWD,HWD,http://www.hayward-ca.gov/CITY-GOVERNMENT/DEPARTMENTS/PUBLIC-WORKS-ET/HEA/,https://en.wikipedia.org/wiki/Hayward_Executive_Airport,Hayward Air Terminal
KHWO,North Perry Airport,US-FL,FL,Florida,Hollywood,,small_airport,26.0012,-80.2407,8,NA,US,,no,KHWO,HWO,KHWO,HWO,http://www.broward.org/airport/northperryairport/Pages/Default.aspx,https://en.wikipedia.org/wiki/North_Perry_Airport,
KHWV,Brookhaven Calabro Airport,US-NY,NY,New York,Shirley,,small_airport,40.821899,-72.8694,81,NA,US,,no,KHWV,WSH,KHWV,HWV,,https://en.wikipedia.org/wiki/Brookhaven_Airport,
KHWY,Warrenton Fauquier Airport,US-VA,VA,Virginia,Midland,,small_airport,38.5863,-77.710602,336,NA,US,,no,,,KHWY,HWY,,https://en.wikipedia.org/wiki/Warrenton%E2%80%93Fauquier_Airport,Formerly W66
KHXD,Hilton Head Airport,US-SC,SC,South Carolina,Hilton Head Island,,medium_airport,32.2244,-80.697502,19,NA,US,,yes,KHXD,HHH,KHXD,HXD,https://www.hiltonheadairport.com/,https://en.wikipedia.org/wiki/Hilton_Head_Airport,49J
KHXF,Hartford Municipal Airport,US-WI,WI,Wisconsin,Hartford,,small_airport,43.3493,-88.391098,1069,NA,US,,no,,,KHXF,HXF,,https://en.wikipedia.org/wiki/Hartford_Municipal_Airport,
KHYI,San Marcos Regional Airport,US-TX,TX,Texas,San Marcos,,medium_airport,29.8927,-97.862999,597,NA,US,,no,,,KHYI,HYI,,https://en.wikipedia.org/wiki/San_Marcos_Regional_Airport,San Marcos Municipal
KHYR,Sawyer County Airport,US-WI,WI,Wisconsin,Hayward,,medium_airport,46.02519989,-91.44429779,1216,NA,US,,no,KHYR,HYR,KHYR,HYR,http://sawyercountygov.org/Departments/Airport/tabid/93/Default.aspx,https://en.wikipedia.org/wiki/Sawyer_County_Airport,
KHYS,Hays Regional Airport,US-KS,KS,Kansas,Hays,,medium_airport,38.844521,-99.273148,1999,NA,US,,yes,KHYS,HYS,KHYS,HYS,,https://en.wikipedia.org/wiki/Hays_Regional_Airport,
KHYX,Saginaw County H.W. Browne Airport,US-MI,MI,Michigan,Saginaw,,small_airport,43.433399,-83.862297,601,NA,US,,no,,,KHYX,HYX,,https://en.wikipedia.org/wiki/Saginaw_County_H.W._Browne_Airport,
KI12,Sidney Municipal Airport,US-OH,OH,Ohio,Sidney,,small_airport,40.241402,-84.150902,1044,NA,US,,no,,,KSCA,SCA,http://www.sidneymunicipalairport.com/,https://en.wikipedia.org/wiki/Sidney_Municipal_Airport_(Ohio),I12
KI39,Central Kentucky Regional Airport,US-KY,KY,Kentucky,Richmond,,medium_airport,37.630798,-84.332298,1002,NA,US,,no,,,KRGA,RGA,,https://en.wikipedia.org/wiki/Central_Kentucky_Regional_Airport,"I39, Madison"
KI67,Cincinnati West Airport,US-OH,OH,Ohio,Harrison,,small_airport,39.2589,-84.7743,584,NA,US,,no,,,KI67,I67,,https://en.wikipedia.org/wiki/Cincinnati_West_Airport,
KI68,Warren County Airport/John Lane Field,US-OH,OH,Ohio,Lebanon,,small_airport,39.4622,-84.251801,898,NA,US,,no,,,I68,I68,,https://en.wikipedia.org/wiki/Lebanon-Warren_County_Airport,
KI69,Clermont County Airport,US-OH,OH,Ohio,Batavia,,small_airport,39.0784,-84.210197,843,NA,US,,no,,,KI69,I69,,https://en.wikipedia.org/wiki/Clermont_County_Airport,
KI73,Moraine Air Park,US-OH,OH,Ohio,Dayton,,small_airport,39.682215,-84.239042,720,NA,US,,no,,,,I73,,https://en.wikipedia.org/wiki/Moraine_Airpark,
KICT,Wichita Eisenhower National Airport,US-KS,KS,Kansas,Wichita,,medium_airport,37.649899,-97.433098,1333,NA,US,,yes,KICT,ICT,KICT,ICT,,https://en.wikipedia.org/wiki/Wichita_Dwight_D._Eisenhower_National_Airport,
KIDA,Idaho Falls Regional Airport,US-ID,ID,Idaho,Idaho Falls,,medium_airport,43.514599,-112.070999,4744,NA,US,,yes,KIDA,IDA,KIDA,IDA,,https://en.wikipedia.org/wiki/Idaho_Falls_Regional_Airport,Fanning Field
KIDI,Indiana County–Jimmy Stewart Airport,US-PA,PA,Pennsylvania,Indiana,,small_airport,40.631119,-79.101884,1405,NA,US,,no,KIDI,IDI,KIDI,IDI,http://www.jimmystewartairport.com/,https://en.wikipedia.org/wiki/Indiana_County-Jimmy_Stewart_Airport,Jimmy Stewart Field
KIGQ,Lansing Municipal Airport,US-IL,IL,Illinois,Chicago,,small_airport,41.534901,-87.529503,620,NA,US,,no,,,KIGQ,IGQ,,https://en.wikipedia.org/wiki/Lansing_Municipal_Airport,
KIJD,Windham Airport,US-CT,CT,Connecticut,North Windham,,small_airport,41.743999,-72.180298,247,NA,US,,no,,,KIJD,IJD,,https://en.wikipedia.org/wiki/Windham_Airport,
KIJX,Jacksonville Municipal Airport,US-IL,IL,Illinois,Jacksonville,,small_airport,39.774601,-90.238297,624,NA,US,,no,KIJX,IJX,KIJX,IJX,http://www.flyijx.com/,https://en.wikipedia.org/wiki/Jacksonville_Municipal_Airport_(Illinois),
KIKK,Greater Kankakee Airport,US-IL,IL,Illinois,Kankakee,,medium_airport,41.07139969,-87.84629822,630,NA,US,,no,KIKK,IKK,KIKK,IKK,http://kvaa.com/,https://en.wikipedia.org/wiki/Greater_Kankakee_Airport,
KIKV,Ankeny Regional Airport,US-IA,IA,Iowa,Ankeny,,small_airport,41.691399,-93.566399,910,NA,US,,no,,,KIKV,IKV,,https://en.wikipedia.org/wiki/Ankeny_Regional_Airport,
KILE,Skylark Field,US-TX,TX,Texas,Killeen,,small_airport,31.08580017,-97.68650055,848,NA,US,,no,KILE,ILE,KILE,ILE,http://www.skylarkfield.net/,https://en.wikipedia.org/wiki/Skylark_Field,
KILM,Wilmington International Airport,US-NC,NC,North Carolina,Wilmington,,medium_airport,34.27059937,-77.90260315,32,NA,US,,yes,KILM,ILM,KILM,ILM,,https://en.wikipedia.org/wiki/Wilmington_International_Airport,
KILN,Wilmington Airpark,US-OH,OH,Ohio,Wilmington,,medium_airport,39.42789841,-83.792099,1077,NA,US,,no,KILN,ILN,KILN,ILN,http://www.wilmingtonairpark.com/,https://en.wikipedia.org/wiki/Airborne_Airpark,"Clinton Field, Clinton County AFB, Airborne Airpark"
KIMM,Immokalee Regional Airport,US-FL,FL,Florida,Immokalee,,small_airport,26.427933,-81.403531,37,NA,US,,no,KIMM,IMM,KIMM,IMM,http://www.colliergov.net/index.aspx?page=59,https://en.wikipedia.org/wiki/Immokalee_Regional_Airport,
KIND,Indianapolis International Airport,US-IN,IN,Indiana,Indianapolis,,large_airport,39.7173,-86.294403,797,NA,US,,yes,KIND,IND,KIND,IND,http://www.indianapolisairport.com/,https://en.wikipedia.org/wiki/Indianapolis_International_Airport,
KINF,Inverness Airport,US-FL,FL,Florida,Inverness,,small_airport,28.803588,-82.318311,50,NA,US,,no,,,KINF,INF,https://www.citrusbocc.com/departments/public_works/engineering/aviation_section/inverness_airport.php,https://en.wikipedia.org/wiki/Inverness_Airport_(Florida),X40
KINT,Smith Reynolds Airport,US-NC,NC,North Carolina,Winston Salem,,medium_airport,36.13370132,-80.22200012,969,NA,US,,no,KINT,INT,KINT,INT,,https://en.wikipedia.org/wiki/Smith_Reynolds_Airport,
KIOB,Mount Sterling Montgomery County Airport,US-KY,KY,Kentucky,Mount Sterling,,small_airport,38.058102,-83.979599,1019,NA,US,,no,,,KIOB,IOB,,https://en.wikipedia.org/wiki/Mount_Sterling-Montgomery_County_Airport,
KIOW,Iowa City Municipal Airport,US-IA,IA,Iowa,Iowa City,,small_airport,41.6391983,-91.54650116,668,NA,US,,no,KIOW,IOW,KIOW,IOW,http://www.icgov.org/?id=1501,https://en.wikipedia.org/wiki/Iowa_City_Municipal_Airport,
KIPJ,Lincolnton Lincoln County Regional Airport,US-NC,NC,North Carolina,Lincolnton,,small_airport,35.483299,-81.161301,877,NA,US,,no,,,KIPJ,IPJ,http://www.lincolncountyairport.com/,https://en.wikipedia.org/wiki/Lincolnton-Lincoln_County_Regional_Airport,5N4
KIPT,Williamsport Regional Airport,US-PA,PA,Pennsylvania,Williamsport,,medium_airport,41.242126,-76.92245,529,NA,US,,yes,KIPT,IPT,KIPT,IPT,,https://en.wikipedia.org/wiki/Williamsport_Regional_Airport,
KISM,Kissimmee Gateway Airport,US-FL,FL,Florida,Orlando,,medium_airport,28.28980064,-81.43710327,82,NA,US,,no,KISM,ISM,KISM,ISM,http://www.kissimmee.org/index.aspx?page=111,https://en.wikipedia.org/wiki/Kissimmee_Gateway_Airport,
KISP,Long Island Mac Arthur Airport,US-NY,NY,New York,Islip,,medium_airport,40.79520035,-73.10019684,99,NA,US,,yes,KISP,ISP,KISP,ISP,,https://en.wikipedia.org/wiki/Long_Island_MacArthur_Airport,
KISW,Alexander Field South Wood County Airport,US-WI,WI,Wisconsin,Wisconsin Rapids,,small_airport,44.36029816,-89.83899689,1021,NA,US,,no,KISW,ISW,KISW,ISW,http://www.wirapids.org/department/?fDD=27-0,https://en.wikipedia.org/wiki/South_Wood_County_Airport,
KITH,Ithaca Tompkins Regional Airport,US-NY,NY,New York,Ithaca,,medium_airport,42.49100113,-76.45839691,1099,NA,US,,yes,KITH,ITH,KITH,ITH,,https://en.wikipedia.org/wiki/Ithaca_Tompkins_Regional_Airport,
KIWH,Wabash Municipal Airport,US-IN,IN,Indiana,Wabash,,small_airport,40.762991,-85.799747,796,NA,US,,no,,,KIWH,IWH,,https://en.wikipedia.org/wiki/Wabash_Municipal_Airport,
KIWS,West Houston Airport,US-TX,TX,Texas,Houston,,small_airport,29.818199,-95.6726,111,NA,US,,no,KIWS,IWS,KIWS,IWS,http://www.westhoustonairport.com/,https://en.wikipedia.org/wiki/West_Houston_Airport,"Lakeside, Memorial Skyland"
KIXD,New Century AirCenter Airport,US-KS,KS,Kansas,New Century,,small_airport,38.830898,-94.890297,1087,NA,US,,no,KIXD,JCI,KIXD,IXD,,https://en.wikipedia.org/wiki/New_Century_AirCenter,"NUU, KNUU, Naval Air Station Olathe, NAS Olathe, Olathe, Flatley Field, Johnson County Industrial Airport"
KJDD,Wood County Airport - Collins Field,US-TX,TX,Texas,Mineola,,small_airport,32.742199,-95.496498,434,NA,US,,no,,,KJDD,JDD,https://www.woodcountyairport.net/,https://en.wikipedia.org/wiki/Wood_County_Airport_(Texas),3T1
KJEF,Jefferson City Memorial Airport,US-MO,MO,Missouri,Jefferson City,,small_airport,38.59120178,-92.15609741,549,NA,US,,no,KJEF,JEF,KJEF,JEF,https://www.jeffcitymo.org/publicworks/airport/airport.html,https://en.wikipedia.org/wiki/Jefferson_City_Memorial_Airport,
KJER,Jerome County Airport,US-ID,ID,Idaho,Jerome,,small_airport,42.72669983,-114.4570007,4053,NA,US,,no,,,KJER,JER,,,
KJES,Jesup Wayne County Airport,US-GA,GA,Georgia,Jesup,,small_airport,31.554001,-81.8825,107,NA,US,,no,,,KJES,JES,,https://en.wikipedia.org/wiki/Jesup%E2%80%93Wayne_County_Airport,
KJFX,Walker County Airport Bevill Field,US-AL,AL,Alabama,Jasper,,small_airport,33.902,-87.314201,482,NA,US,,no,,,KJFX,JFX,,https://en.wikipedia.org/wiki/Walker_County_Airport,L02
KJGG,Williamsburg Jamestown Airport,US-VA,VA,Virginia,Williamsburg,,small_airport,37.239201,-76.716103,49,NA,US,,no,,,KJGG,JGG,https://williamsburgjamestownairport.com/,,
KJHW,Chautauqua County-Jamestown Airport,US-NY,NY,New York,Jamestown,,medium_airport,42.15425,-79.254008,1723,NA,US,,no,KJHW,JHW,KJHW,JHW,,https://en.wikipedia.org/wiki/Chautauqua_County-Jamestown_Airport,
KJKA,Jack Edwards National Airport,US-AL,AL,Alabama,Gulf Shores,,small_airport,30.290501,-87.671799,17,NA,US,,no,KJKA,GUF,KJKA,JKA,https://www.flyjka.com/,https://en.wikipedia.org/wiki/Jack_Edwards_Airport,AL15
KJLN,Joplin Regional Airport,US-MO,MO,Missouri,Joplin,,medium_airport,37.151798,-94.498299,981,NA,US,,yes,KJLN,JLN,KJLN,JLN,,https://en.wikipedia.org/wiki/Joplin_Regional_Airport,
KJNX,Johnston Regional Airport,US-NC,NC,North Carolina,Smithfield,,medium_airport,35.540901,-78.390297,164,NA,US,,no,,,KJNX,JNX,https://www.johnstonnc.com/JNX/,,Johnston County Airport
KJOT,Joliet Regional Airport,US-IL,IL,Illinois,Joliet,,small_airport,41.51779938,-88.17549896,582,NA,US,,no,KJOT,JOT,KJOT,JOT,http://www.jolietpark.org/index.php/facilities/joliet-regional-airport,https://en.wikipedia.org/wiki/Joliet_Regional_Airport,
KJQF,Concord-Padgett Regional Airport,US-NC,NC,North Carolina,Concord,,medium_airport,35.387798,-80.709099,705,NA,US,,yes,KJQF,USA,KJQF,JQF,http://www.concordnc.gov/Departments/Concord-Regional-Airport,https://en.wikipedia.org/wiki/Concord_Regional_Airport,"3N8, ""NASCAR's Airport"""
KJSO,Cherokee County Airport,US-TX,TX,Texas,Jacksonville,,small_airport,31.86930084,-95.2173996,677,NA,US,,no,KJSO,JKV,KJSO,JSO,,https://en.wikipedia.org/wiki/Cherokee_County_Airport_(Texas),
KJST,John Murtha Johnstown Cambria County Airport,US-PA,PA,Pennsylvania,Johnstown,,medium_airport,40.31610107,-78.83390045,2284,NA,US,,yes,KJST,JST,KJST,JST,,https://en.wikipedia.org/wiki/Johnstown-Cambria_County_Airport,
KJVL,Southern Wisconsin Regional Airport,US-WI,WI,Wisconsin,Janesville,,small_airport,42.62030029,-89.04160309,808,NA,US,,no,KJVL,JVL,KJVL,JVL,http://www.jvlairport.com/,https://en.wikipedia.org/wiki/Southern_Wisconsin_Regional_Airport,Rock County Airport
KJVY,Clark Regional Airport,US-IN,IN,Indiana,Jeffersonville,,small_airport,38.365398,-85.738197,474,NA,US,,no,,,KJVY,JVY,,https://en.wikipedia.org/wiki/Clark_Regional_Airport,
KJWN,John C Tune Airport,US-TN,TN,Tennessee,Nashville,,small_airport,36.1824,-86.886703,495,NA,US,,no,,,KJWN,JWN,,https://en.wikipedia.org/wiki/John_C._Tune_Airport,
KJYO,Leesburg Executive Airport,US-VA,VA,Virginia,Leesburg,,small_airport,39.077999,-77.557503,389,NA,US,,no,,,KJYO,JYO,http://www.leesburgva.gov/government/departments/airport,https://en.wikipedia.org/wiki/Leesburg_Executive_Airport,ADIZ
KJZI,Charleston Executive Airport,US-SC,SC,South Carolina,Johns Island,,small_airport,32.698238,-80.005675,17,NA,US,,no,,,KJZI,JZI,https://www.iflychs.com/JZI,https://en.wikipedia.org/wiki/Charleston_Executive_Airport,
KK02,Perryville Regional Airport,US-MO,MO,Missouri,Perryville,,small_airport,37.868698,-89.862099,372,NA,US,,no,,,KPCD,PCD,http://www.cityofperryville.com/229/Airport,https://en.wikipedia.org/wiki/Perryville_Municipal_Airport,"K02, Perryville Municipal Airport, McBride Airport"
KK19,Albany Municipal Airport,US-MO,MO,Missouri,Albany,,small_airport,40.2621994,-94.33899689,886,NA,US,,no,,,K19,K19,,https://en.wikipedia.org/wiki/Albany_Municipal_Airport_(Missouri),
KK20,Wendell H Ford Airport,US-KY,KY,Kentucky,Chavies,,small_airport,37.384838,-83.259662,1256,NA,US,,no,,,KCPF,CPF,https://perrycounty.ky.gov/services/Pages/Wendell-Ford-Airport-Info.aspx,https://en.wikipedia.org/wiki/Wendell_H._Ford_Airport,"K20, Hazard"
KKIC,Mesa Del Rey Airport,US-CA,CA,California,King City,,small_airport,36.22800064,-121.1220016,370,NA,US,,no,KKIC,KIC,KKIC,KIC,http://www.kingcity.com/index.php?option=com_content&task=view&id=39&Itemid=112,https://en.wikipedia.org/wiki/Mesa_Del_Rey_Airport,
KKLS,Southwest Washington Regional Airport,US-WA,WA,Washington,Kelso,,medium_airport,46.11800003,-122.8980026,20,NA,US,,no,KKLS,KLS,KKLS,KLS,http://www.kelso.gov/Departments%20%2526%20Services/Airport,https://en.wikipedia.org/wiki/Southwest_Washington_Regional_Airport,"Molt Taylor Field, Kelso-Longview Regional"
KL31,St. Tammany Regional Airport,US-LA,LA,Louisiana,Covington,,small_airport,30.445101,-89.988899,39,NA,US,,no,,,KL31,L31,,https://en.wikipedia.org/wiki/St._Tammany_Regional_Airport,LA08
KL45,Bakersfield Municipal Airport,US-CA,CA,California,Bakersfield,,medium_airport,35.324799,-118.996002,378,NA,US,,no,,,,L45,https://www.bakersfieldcity.us/565/Bakersfield-Municipal-Airport,https://en.wikipedia.org/wiki/Bakersfield_Municipal_Airport,
KL94,Mountain Valley Airport,US-CA,CA,California,Tehachapi,,small_airport,35.101101,-118.422997,4220,NA,US,,no,,,KL94,L94,,https://en.wikipedia.org/wiki/Mountain_Valley_Airport,
KLAF,Purdue University Airport,US-IN,IN,Indiana,West Lafayette,,medium_airport,40.412875,-86.939363,606,NA,US,,yes,KLAF,LAF,KLAF,LAF,,https://en.wikipedia.org/wiki/Purdue_University_Airport,
KLAL,Lakeland Linder International Airport,US-FL,FL,Florida,Lakeland,,medium_airport,27.987656,-82.018776,142,NA,US,,yes,KLAL,LAL,KLAL,LAL,,https://en.wikipedia.org/wiki/Lakeland_Linder_Regional_Airport,
KLAR,Laramie Regional Airport,US-WY,WY,Wyoming,Laramie,,medium_airport,41.31209946,-105.6750031,7284,NA,US,,yes,KLAR,LAR,KLAR,LAR,,https://en.wikipedia.org/wiki/Laramie_Regional_Airport,
KLAW,Lawton Fort Sill Regional Airport,US-OK,OK,Oklahoma,Lawton,,medium_airport,34.567699,-98.416603,1110,NA,US,,yes,KLAW,LAW,KLAW,LAW,,https://en.wikipedia.org/wiki/Lawton-Fort_Sill_Regional_Airport,
KLBB,Lubbock Preston Smith International Airport,US-TX,TX,Texas,Lubbock,,medium_airport,33.663601,-101.822998,3282,NA,US,,yes,KLBB,LBB,KLBB,LBB,http://www.flylia.com/,https://en.wikipedia.org/wiki/Lubbock_Preston_Smith_International_Airport,
KLBE,Arnold Palmer Regional Airport,US-PA,PA,Pennsylvania,Latrobe,,medium_airport,40.275902,-79.4048,1199,NA,US,,yes,KLBE,LBE,KLBE,LBE,,https://en.wikipedia.org/wiki/Arnold_Palmer_Regional_Airport,
KLBL,Liberal Mid-America Regional Airport,US-KS,KS,Kansas,Liberal,,medium_airport,37.0442009,-100.9599991,2885,NA,US,,yes,KLBL,LBL,KLBL,LBL,,https://en.wikipedia.org/wiki/Liberal_Municipal_Airport,
KLBX,Texas Gulf Coast Regional Airport,US-TX,TX,Texas,Angleton,,medium_airport,29.108601,-95.462097,25,NA,US,,no,KLBX,LJN,KLBX,LBX,http://www.flylbx.org/,https://en.wikipedia.org/wiki/Texas_Gulf_Coast_Regional_Airport,Texas Gulf Coast Regional Airport
KLCH,Lake Charles Regional Airport,US-LA,LA,Louisiana,Lake Charles,,medium_airport,30.12610054,-93.22329712,15,NA,US,,yes,KLCH,LCH,KLCH,LCH,,https://en.wikipedia.org/wiki/Lake_Charles_Regional_Airport,
KLCI,Laconia Municipal Airport,US-NH,NH,New Hampshire,Laconia / Gilford,,small_airport,43.572701,-71.4189,545,NA,US,,no,KLCI,LCI,KLCI,LCI,http://www.laconiaairport.com/,https://en.wikipedia.org/wiki/Laconia_Municipal_Airport,
KLDJ,Linden Airport,US-NJ,NJ,New Jersey,Linden,,small_airport,40.61740112,-74.24459839,23,NA,US,,no,KLDJ,LDJ,KLDJ,LDJ,http://www.lindenairportnj.com/,https://en.wikipedia.org/wiki/Linden_Airport,"Manhattan, New York City, NYC"
KLEB,Lebanon Municipal Airport,US-NH,NH,New Hampshire,Lebanon,,medium_airport,43.62609863,-72.30419922,603,NA,US,,yes,KLEB,LEB,KLEB,LEB,http://flyleb.com/,https://en.wikipedia.org/wiki/Lebanon_Municipal_Airport_(New_Hampshire),
KLEE,Leesburg International Airport,US-FL,FL,Florida,Leesburg,,medium_airport,28.82309914,-81.80870056,76,NA,US,,no,KLEE,LEE,KLEE,LEE,http://www.leesburgflorida.gov/index.aspx?page=45,https://en.wikipedia.org/wiki/Leesburg_International_Airport,Leesburg AAF
KLEX,Blue Grass Airport,US-KY,KY,Kentucky,Lexington,,medium_airport,38.036499,-84.605904,979,NA,US,,yes,KLEX,LEX,KLEX,LEX,http://www.bluegrassairport.com/,https://en.wikipedia.org/wiki/Blue_Grass_Airport,
KLFT,Lafayette Regional Airport,US-LA,LA,Louisiana,Lafayette,,medium_airport,30.205299,-91.987602,42,NA,US,,yes,KLFT,LFT,KLFT,LFT,http://www.lftairport.com/Home,https://en.wikipedia.org/wiki/Lafayette_Regional_Airport,
KLGA,LaGuardia Airport,US-NY,NY,New York,New York,,large_airport,40.777199,-73.872597,21,NA,US,,yes,KLGA,LGA,KLGA,LGA,https://www.laguardiaairport.com/,https://en.wikipedia.org/wiki/LaGuardia_Airport,"Manhattan, New York City, NYC, Glenn H. Curtiss Airport, North Beach Airport, La Guardia"
KLGB,Long Beach Airport (Daugherty Field),US-CA,CA,California,Long Beach,,medium_airport,33.816523,-118.149891,60,NA,US,,yes,KLGB,LGB,KLGB,LGB,http://www.lgb.org/,https://en.wikipedia.org/wiki/Long_Beach_Airport,Daugherty Field
KLGC,LaGrange Callaway Airport,US-GA,GA,Georgia,LaGrange,,small_airport,33.008873,-85.074331,693,NA,US,,no,KLGC,LGC,KLGC,LGC,http://lagrangeairport.com/,https://en.wikipedia.org/wiki/LaGrange_Callaway_Airport,
KLGU,Logan-Cache Airport,US-UT,UT,Utah,Logan,,medium_airport,41.79119873,-111.8519974,4457,NA,US,,no,KLGU,LGU,KLGU,LGU,http://logan-cacheairport.org/,https://en.wikipedia.org/wiki/Logan-Cache_Airport,
KLHM,Lincoln Regional Karl Harder Field,US-CA,CA,California,Lincoln,,small_airport,38.909199,-121.350998,121,NA,US,,no,,,KLHM,LHM,,https://en.wikipedia.org/wiki/Lincoln_Regional_Airport_(California),O51
KLHV,William T. Piper Memorial Airport,US-PA,PA,Pennsylvania,Lock Haven,,small_airport,41.13560104,-77.42230225,556,NA,US,,no,KLHV,LHV,KLHV,LHV,http://www.piperairport.com/default.htm,https://en.wikipedia.org/wiki/William_T._Piper_Memorial_Airport,
KLHZ,Triangle North Executive Airport,US-NC,NC,North Carolina,Louisburg,,small_airport,36.0233,-78.330299,369,NA,US,,no,KLHZ,LFN,KLHZ,LHZ,http://www.franklincountync.us/services/airport,https://en.wikipedia.org/wiki/Triangle_North_Executive_Airport,"2N9, Franklin County Airport"
KLIT,Bill & Hillary Clinton National Airport/Adams Field,US-AR,AR,Arkansas,Little Rock,,medium_airport,34.729582,-92.223728,262,NA,US,,yes,KLIT,LIT,KLIT,LIT,,https://en.wikipedia.org/wiki/Little_Rock_National_Airport,
KLKP,Lake Placid Airport,US-NY,NY,New York,Lake Placid,,small_airport,44.26449966,-73.9618988,1747,NA,US,,no,KLKP,LKP,KLKP,LKP,,https://en.wikipedia.org/wiki/Lake_Placid_Airport,
KLKU,Louisa County Airport / Freeman Field,US-VA,VA,Virginia,Louisa,,small_airport,38.0098,-77.9701,493,NA,US,,no,KLKU,LOW,KLKU,LKU,http://www.yeslouisa.com/business-in-louisa/transportation-infrastructure/,https://en.wikipedia.org/wiki/Louisa_County_Airport,
KLMO,Vance Brand Airport,US-CO,CO,Colorado,Longmont,,small_airport,40.1637,-105.163002,5055,NA,US,,no,,,KLMO,LMO,,https://en.wikipedia.org/wiki/Vance_Brand_Airport,"AMR, 2V2"
KLMT,Crater Lake-Klamath Regional Airport,US-OR,OR,Oregon,Klamath Falls,,medium_airport,42.156101,-121.733002,4095,NA,US,,no,KLMT,LMT,KLMT,LMT,,https://en.wikipedia.org/wiki/Klamath_Falls_Airport,Klamath Falls Airport
KLNA,Palm Beach County Park Airport,US-FL,FL,Florida,West Palm Beach,,small_airport,26.59300041,-80.08509827,14,NA,US,,no,KLNA,LNA,KLNA,LNA,,https://en.wikipedia.org/wiki/Palm_Beach_County_Park_Airport,
KLNC,Lancaster Airport,US-TX,TX,Texas,Lancaster,,small_airport,32.577564,-96.717494,501,NA,US,,no,,,KLNC,LNC,,https://en.wikipedia.org/wiki/Lancaster_Regional_Airport,
KLNK,Lincoln Airport,US-NE,NE,Nebraska,Lincoln,,medium_airport,40.85100174,-96.75920105,1219,NA,US,,yes,KLNK,LNK,KLNK,LNK,http://www.lincolnairport.com/,https://en.wikipedia.org/wiki/Lincoln_Airport_%28Nebraska%29,"Lincoln Army Air Field, Lincoln Air Force Base, 155th Air Refueling Wing"
KLNN,Lake County Executive Airport,US-OH,OH,Ohio,Willoughby,,small_airport,41.683998,-81.389702,626,NA,US,,no,KLNN,LNN,KLNN,LNN,,https://en.wikipedia.org/wiki/Willoughby_Lost_Nation_Municipal_Airport,Willoughby Lost Nation Municipal
KLOT,Lewis University Airport,US-IL,IL,Illinois,Chicago/Romeoville,,small_airport,41.6072998,-88.09619904,679,NA,US,,no,KLOT,LOT,KLOT,LOT,http://www.flylot.com/,https://en.wikipedia.org/wiki/Lewis_University_Airport,"Lewis Lockport Airport,"
KLPC,Lompoc Airport,US-CA,CA,California,Lompoc,,small_airport,34.66559982,-120.4680023,88,NA,US,,no,KLPC,LPC,KLPC,LPC,http://www.cityoflompoc.com/transit/airport/,https://en.wikipedia.org/wiki/Lompoc_Airport,
KLPR,Lorain County Regional Airport,US-OH,OH,Ohio,Lorain/Elyria,,small_airport,41.344299,-82.177597,793,NA,US,,no,,,KLPR,LPR,,https://en.wikipedia.org/wiki/Lorain_County_Regional_Airport,
KLRO,Mount Pleasant Regional Airport Faison Field,US-SC,SC,South Carolina,Mount Pleasant,,small_airport,32.8978,-79.782898,12,NA,US,,no,,,KLRO,LRO,,https://en.wikipedia.org/wiki/Mount_Pleasant_Regional_Airport_(South_Carolina),
KLRU,Las Cruces International Airport,US-NM,NM,New Mexico,Las Cruces,,medium_airport,32.289398,-106.921997,4456,NA,US,,yes,KLRU,LRU,KLRU,LRU,,https://en.wikipedia.org/wiki/Las_Cruces_International_Airport,
KLSE,La Crosse Regional Airport,US-WI,WI,Wisconsin,La Crosse,,medium_airport,43.879002,-91.256699,655,NA,US,,yes,KLSE,LSE,KLSE,LSE,http://www.lseairport.com/,https://en.wikipedia.org/wiki/La_Crosse_Municipal_Airport,"airport, regional"
KLUD,Decatur Municipal Airport,US-TX,TX,Texas,Decatur,,small_airport,33.254601,-97.580597,1047,NA,US,,no,,,KLUD,LUD,,https://en.wikipedia.org/wiki/Decatur_Municipal_Airport,8F7
KLUK,Cincinnati Municipal Airport Lunken Field,US-OH,OH,Ohio,Cincinnati,,medium_airport,39.102357,-84.418945,483,NA,US,,yes,KLUK,LUK,KLUK,LUK,,https://en.wikipedia.org/wiki/Cincinnati_Municipal_Airport,
KLUM,Menomonie Municipal Score Field,US-WI,WI,Wisconsin,Menomonie,,small_airport,44.8923,-91.867897,895,NA,US,,no,,,KLUM,LUM,,https://en.wikipedia.org/wiki/Menomonie_Municipal_Airport,
KLVJ,Pearland Regional Airport,US-TX,TX,Texas,Houston,,small_airport,29.521299,-95.242104,44,NA,US,,no,,,KLVJ,LVJ,,https://en.wikipedia.org/wiki/Pearland_Regional_Airport,
KLVK,Livermore Municipal Airport,US-CA,CA,California,Livermore,,small_airport,37.69340134,-121.8199997,400,NA,US,,no,KLVK,LVK,KLVK,LVK,http://www.cityoflivermore.net/citygov/pw/public_works_divisions/airport/default.asp,https://en.wikipedia.org/wiki/Livermore_Municipal_Airport,
KLVN,Airlake Airport,US-MN,MN,Minnesota,Minneapolis,,small_airport,44.627899,-93.228104,960,NA,US,,no,,,KLVN,LVN,,https://en.wikipedia.org/wiki/Airlake_Airport,
KLWB,Greenbrier Valley Airport,US-WV,WV,West Virginia,Lewisburg,,medium_airport,37.857914,-80.400438,2302,NA,US,,yes,KLWB,LWB,KLWB,LWB,,https://en.wikipedia.org/wiki/Greenbrier_Valley_Airport,
KLWC,Lawrence Municipal Airport,US-KS,KS,Kansas,Lawrence,,small_airport,39.01119995,-95.21659851,833,NA,US,,no,KLWC,LWC,KLWC,LWC,http://www.lawrenceks.org/airport,https://en.wikipedia.org/wiki/Lawrence_Municipal_Airport_(Kansas),
KLXL,Little Falls-Morrison County-Lindbergh field,US-MN,MN,Minnesota,Little Falls,,small_airport,45.949699,-94.347397,1123,NA,US,,no,,,KLXL,LXL,,https://en.wikipedia.org/wiki/Little_Falls/Morrison_County_Airport,
KLXT,Lee's Summit Municipal Airport,US-MO,MO,Missouri,Lee's Summit,,small_airport,38.959702,-94.371399,1004,NA,US,,no,,,KLXT,LXT,,https://en.wikipedia.org/wiki/Lee%27s_Summit_Municipal_Airport,
KLYH,Lynchburg Regional Airport - Preston Glenn Field,US-VA,VA,Virginia,Lynchburg,,medium_airport,37.326698,-79.200401,938,NA,US,,yes,KLYH,LYH,KLYH,LYH,,https://en.wikipedia.org/wiki/Lynchburg_Regional_Airport,
KLZU,Gwinnett County Briscoe Field,US-GA,GA,Georgia,Lawrenceville,,small_airport,33.97809982,-83.96240234,1061,NA,US,,no,KLZU,LZU,KLZU,LZU,http://www.lzuairport.com/,https://en.wikipedia.org/wiki/Gwinnett_County_Airport,
KM01,General Dewitt Spain Airport,US-TN,TN,Tennessee,Memphis,,small_airport,35.200699,-90.054001,225,NA,US,,no,,,KM01,M01,,https://en.wikipedia.org/wiki/General_DeWitt_Spain_Airport,
KM13,Poplarville Pearl River County Airport,US-MS,MS,Mississippi,Poplarville,,small_airport,30.7859993,-89.50450134,320,NA,US,,no,,PCU,M13,M13,,,
KM16,John Bell Williams Airport,US-MS,MS,Mississippi,Raymond,,small_airport,32.30329895,-90.40850067,247,NA,US,,no,,,KJVW,JVW,,https://en.wikipedia.org/wiki/John_Bell_Williams_Airport,M16
KM17,Bolivar Municipal Airport,US-MO,MO,Missouri,Bolivar,,small_airport,37.5961,-93.347702,1092,NA,US,,no,,,KM17,M17,,https://en.wikipedia.org/wiki/Bolivar_Municipal_Airport,
KM33,Music City Executive Airport,US-TN,TN,Tennessee,Gallatin,,small_airport,36.375076,-86.408414,583,NA,US,,no,,,KXNX,XNX,https://www.musiccityexecutiveairport.com/,https://en.wikipedia.org/wiki/Sumner_County_Regional_Airport,"M33, Sumner County Regional"
KM91,Springfield Robertson County Airport,US-TN,TN,Tennessee,Springfield,,small_airport,36.536801,-86.921182,706,NA,US,,no,,,KM91,M91,,https://en.wikipedia.org/wiki/Springfield_Robertson_County_Airport,
KMAC,Macon Downtown Airport,US-GA,GA,Georgia,Macon,,small_airport,32.82210159,-83.56199646,437,NA,US,,no,KMAC,MAC,KMAC,MAC,,https://en.wikipedia.org/wiki/Macon_Downtown_Airport,
KMAE,Madera Municipal Airport,US-CA,CA,California,Madera,,small_airport,36.98860168,-120.1119995,255,NA,US,,no,KMAE,MAE,KMAE,MAE,,https://en.wikipedia.org/wiki/Madera_Municipal_Airport,
KMBO,Bruce Campbell Field,US-MS,MS,Mississippi,Madison,,small_airport,32.438702,-90.103104,326,NA,US,,no,KMBO,DXE,KMBO,MBO,http://www.madisonthecity.com/airport,https://en.wikipedia.org/wiki/Bruce_Campbell_Field,Augustine Auxiliary Field
KMBT,City of Murfreesboro Airport,US-TN,TN,Tennessee,Murfreesboro,,small_airport,35.877499,-86.377502,614,NA,US,,no,,,KMBT,MBT,,https://en.wikipedia.org/wiki/Murfreesboro_Municipal_Airport,Murfreesboro Municipal Airport
KMCC,McClellan Airfield,US-CA,CA,California,Sacramento,,medium_airport,38.667599,-121.401001,77,NA,US,,no,KMCC,MCC,KMCC,MCC,,https://en.wikipedia.org/wiki/McClellan_Airfield,McClellan AFB
KMCO,Orlando International Airport,US-FL,FL,Florida,Orlando,,large_airport,28.42939949,-81.30899811,96,NA,US,,yes,KMCO,MCO,KMCO,MCO,http://www.orlandoairports.net/,https://en.wikipedia.org/wiki/Orlando_International_Airport,"Disney World,Epcot Center"
KMCW,Mason City Municipal Airport,US-IA,IA,Iowa,Mason City,,medium_airport,43.159801,-93.329716,1213,NA,US,,yes,KMCW,MCW,KMCW,MCW,http://flymcw.com/,https://en.wikipedia.org/wiki/Mason_City_Municipal_Airport,
KMDD,Midland Airpark,US-TX,TX,Texas,Midland,,small_airport,32.03649902,-102.1009979,2803,NA,US,,no,KMDD,MDD,KMDD,MDD,,https://en.wikipedia.org/wiki/Midland_Airpark,
KMDH,Southern Illinois Airport,US-IL,IL,Illinois,Murphysboro,,medium_airport,37.778099,-89.251999,411,NA,US,,no,KMDH,MDH,KMDH,MDH,,https://en.wikipedia.org/wiki/Southern_Illinois_Airport,Carbondale
KMDT,Harrisburg International Airport,US-PA,PA,Pennsylvania,Harrisburg,,medium_airport,40.193501,-76.763397,310,NA,US,,yes,KMDT,MDT,KMDT,MDT,http://www.flyhia.com/,https://en.wikipedia.org/wiki/Harrisburg_International_Airport,"Harrisburg, Lancaster, York, HIA, Middletown"
KMDW,Chicago Midway International Airport,US-IL,IL,Illinois,Chicago,,large_airport,41.785999,-87.752403,620,NA,US,,yes,KMDW,MDW,KMDW,MDW,https://www.flychicago.com/midway/home/pages/default.aspx,https://en.wikipedia.org/wiki/Midway_International_Airport,CHI
KMER,Castle Airport,US-CA,CA,California,Merced,,medium_airport,37.38050079,-120.5680008,191,NA,US,,no,KMER,MER,KMER,MER,,https://en.wikipedia.org/wiki/Castle_Airport,
KMEV,Minden-Tahoe Airport,US-NV,NV,Nevada,Minden,,small_airport,39.00030136,-119.7509995,4722,NA,US,,no,KMEV,MEV,KMEV,MEV,http://mindentahoeairport.com/,https://en.wikipedia.org/wiki/Minden%E2%80%93Tahoe_Airport,
KMFI,Marshfield Municipal Airport,US-WI,WI,Wisconsin,Marshfield,,small_airport,44.63690186,-90.18930054,1277,NA,US,,no,KMFI,MFI,KMFI,MFI,,"https://en.wikipedia.org/wiki/Marshfield,_Wisconsin",Roy Shrewy Field
KMFV,Accomack County Airport,US-VA,VA,Virginia,Melfa,,small_airport,37.64690018,-75.76110077,47,NA,US,,no,KMFV,MFV,KMFV,MFV,http://www.co.accomack.va.us/departments/airport,https://en.wikipedia.org/wiki/Accomack_County_Airport,Melfa Flight Strip
KMGJ,Orange County Airport,US-NY,NY,New York,Montgomery,,small_airport,41.50999832,-74.26460266,364,NA,US,,no,KMGJ,MGJ,KMGJ,MGJ,http://www.orangecountygov.com/content/124/1354/default.aspx,https://en.wikipedia.org/wiki/Orange_County_Airport_(New_York),
KMGM,Montgomery Regional (Dannelly Field) Airport,US-AL,AL,Alabama,Montgomery,,medium_airport,32.300598,-86.393997,221,NA,US,,yes,KMGM,MGM,KMGM,MGM,http://www.flymgm.com/,https://en.wikipedia.org/wiki/Montgomery_Regional_Airport,
KMGW,Morgantown Municipal Airport Walter L. (Bill) Hart Field,US-WV,WV,West Virginia,Morgantown,,medium_airport,39.643305,-79.917598,1248,NA,US,,yes,KMGW,MGW,KMGW,MGW,,https://en.wikipedia.org/wiki/Morgantown_Municipal_Airport,
KMGY,Dayton-Wright Brothers Airport,US-OH,OH,Ohio,Dayton,,small_airport,39.5890007,-84.22489929,957,NA,US,,no,KMGY,MGY,KMGY,MGY,http://www.flydayton.com/?page=wright-brothers-airport-2,https://en.wikipedia.org/wiki/Dayton%E2%80%93Wright_Brothers_Airport,
KMHE,Mitchell Municipal Airport,US-SD,SD,South Dakota,Mitchell,,small_airport,43.77479935,-98.03859711,1304,NA,US,,no,KMHE,MHE,KMHE,MHE,http://www.cityofmitchell.org/index.asp?SEC=0E5EB6F8-1E38-48AD-8D27-2CDD01C4E949&Type=B_BASIC,https://en.wikipedia.org/wiki/Mitchell_Municipal_Airport,Mitchell AAF
KMHK,Manhattan Regional Airport,US-KS,KS,Kansas,Manhattan,,medium_airport,39.14099884,-96.67079926,1057,NA,US,,yes,KMHK,MHK,KMHK,MHK,,https://en.wikipedia.org/wiki/Manhattan_Regional_Airport,
KMHR,Sacramento Mather Airport,US-CA,CA,California,Sacramento,,medium_airport,38.554744,-121.297989,98,NA,US,,no,KMHR,MHR,KMHR,MHR,http://www.sacramento.aero/mhr/,https://en.wikipedia.org/wiki/Sacramento_Mather_Airport,
KMHT,Manchester-Boston Regional Airport,US-NH,NH,New Hampshire,Manchester,,medium_airport,42.932598,-71.435699,266,NA,US,,yes,KMHT,MHT,KMHT,MHT,,https://en.wikipedia.org/wiki/Manchester-Boston_Regional_Airport,
KMHV,Mojave Airport,US-CA,CA,California,Mojave,,small_airport,35.05939865,-118.1520004,2801,NA,US,,no,KMHV,MHV,KMHV,MHV,,https://en.wikipedia.org/wiki/Mojave_Air_and_Space_Port,
KMIA,Miami International Airport,US-FL,FL,Florida,Miami,,large_airport,25.79319954,-80.29060364,8,NA,US,,yes,KMIA,MIA,KMIA,MIA,http://www.miami-airport.com/,https://en.wikipedia.org/wiki/Miami_International_Airport,"MFW, South Florida"
KMIV,Millville Municipal Airport,US-NJ,NJ,New Jersey,Millville,,medium_airport,39.367802,-75.072197,85,NA,US,,no,KMIV,MIV,KMIV,MIV,,https://en.wikipedia.org/wiki/Millville_Executive_Airport,
KMIW,Marshalltown Municipal Airport,US-IA,IA,Iowa,Marshalltown,,small_airport,42.112701,-92.917801,974,NA,US,,no,KMIW,MIW,KMIW,MIW,,,
KMJD,Picayune Municipal Airport,US-MS,MS,Mississippi,Picayune,,small_airport,30.48749924,-89.65119934,55,NA,US,,no,,,KMJD,MJD,,,
KMJX,Ocean County Airport,US-NJ,NJ,New Jersey,Toms River,,small_airport,39.92750168,-74.29239655,82,NA,US,,no,KMJX,MJX,KMJX,MJX,http://www.planning.co.ocean.nj.us/rjmiller/index.htm,https://en.wikipedia.org/wiki/Robert_J._Miller_Air_Park,"N44, Robert J. Miller Air Park"
KMKC,Charles B. Wheeler Downtown Airport,US-MO,MO,Missouri,Kansas City,,medium_airport,39.123199,-94.592796,759,NA,US,,no,KMKC,MKC,KMKC,MKC,https://flymkc.com/,https://en.wikipedia.org/wiki/Charles_B._Wheeler_Downtown_Airport,
KMKL,McKellar-Sipes Regional Airport,US-TN,TN,Tennessee,Jackson,,medium_airport,35.599899,-88.915604,434,NA,US,,yes,KMKL,MKL,KMKL,MKL,http://mckellarsipes.com/,https://en.wikipedia.org/wiki/McKellar-Sipes_Regional_Airport,
KMKS,Berkeley County Airport,US-SC,SC,South Carolina,Moncks Corner,,small_airport,33.185501,-80.036301,73,NA,US,,no,,,KMKS,MKS,,https://en.wikipedia.org/wiki/Berkeley_County_Airport,Formerly 50J
KMKT,Mankato Regional Airport,US-MN,MN,Minnesota,Mankato,,small_airport,44.224781,-93.919128,1021,NA,US,,no,KMKT,MKT,KMKT,MKT,,https://en.wikipedia.org/wiki/Mankato_Regional_Airport,
KMKY,Marco Island Executive Airport,US-FL,FL,Florida,Marco Island,,small_airport,25.995001,-81.672501,5,NA,US,,no,KMKY,MRK,KMKY,MKY,http://www.colliergov.net/index.aspx?page=21,https://en.wikipedia.org/wiki/Marco_Island_Airport,
KMLB,Melbourne Orlando International Airport,US-FL,FL,Florida,Melbourne,,medium_airport,28.1028,-80.645302,33,NA,US,,yes,KMLB,MLB,KMLB,MLB,https://www.mlbair.com/,https://en.wikipedia.org/wiki/Melbourne_International_Airport,
KMLC,Mc Alester Regional Airport,US-OK,OK,Oklahoma,Mc Alester,,medium_airport,34.882401,-95.783501,770,NA,US,,no,KMLC,MLC,KMLC,MLC,,https://en.wikipedia.org/wiki/McAlester_Regional_Airport,
KMLE,Millard Airport,US-NE,NE,Nebraska,Omaha,,small_airport,41.195877,-96.112107,1051,NA,US,,no,KMLE,MIQ,KMLE,MLE,https://dot.nebraska.gov/media/pbuby1hh/airport-directory.pdf#page62,https://en.wikipedia.org/wiki/Millard_Airport_(Nebraska),
KMMK,Meriden Markham Municipal Airport,US-CT,CT,Connecticut,Meriden,,small_airport,41.50870132,-72.82949829,103,NA,US,,no,,,KMMK,MMK,,https://en.wikipedia.org/wiki/Meriden_Markham_Municipal_Airport,
KMMU,Morristown Municipal Airport,US-NJ,NJ,New Jersey,Morristown,,medium_airport,40.799062,-74.414949,187,NA,US,,no,KMMU,MMU,KMMU,MMU,,https://en.wikipedia.org/wiki/Morristown_Municipal_Airport,"Manhattan, New York City, NYC"
KMMV,Mc Minnville Municipal Airport,US-OR,OR,Oregon,Mc Minnville,,medium_airport,45.19440079,-123.1360016,163,NA,US,,no,,,KMMV,MMV,,https://en.wikipedia.org/wiki/McMinnville_Municipal_Airport,
KMOR,Morristown Regional Airport,US-TN,TN,Tennessee,Morristown,,small_airport,36.179401,-83.375504,1313,NA,US,,no,KMOR,MOR,KMOR,MOR,,https://en.wikipedia.org/wiki/Morristown_Regional_Airport,Moore-Murrell Airport
KMOT,Minot International Airport,US-ND,ND,North Dakota,Minot,,medium_airport,48.25939941,-101.2799988,1716,NA,US,,yes,KMOT,MOT,KMOT,MOT,,https://en.wikipedia.org/wiki/Minot_International_Airport,
KMPI,Mariposa Yosemite Airport,US-CA,CA,California,Mariposa,,small_airport,37.51089859,-120.0400009,2254,NA,US,,no,KMPI,RMY,KMPI,MPI,,https://en.wikipedia.org/wiki/Mariposa-Yosemite_Airport,
KMPO,Pocono Mountains Municipal Airport,US-PA,PA,Pennsylvania,Mount Pocono,,small_airport,41.136025,-75.379572,1915,NA,US,,no,KMPO,MPO,KMPO,MPO,https://www.mpoairport.com/,https://en.wikipedia.org/wiki/Pocono_Mountains_Municipal_Airport,
KMPV,Edward F Knapp State Airport,US-VT,VT,Vermont,Barre/Montpelier,,medium_airport,44.20349884,-72.56230164,1166,NA,US,,no,KMPV,MPV,KMPV,MPV,,https://en.wikipedia.org/wiki/Edward_F._Knapp_State_Airport,
KMQB,Macomb Municipal Airport,US-IL,IL,Illinois,Macomb,,small_airport,40.52009964,-90.65239716,707,NA,US,,no,KMQB,MQB,KMQB,MQB,http://www.macombairport.com/,https://en.wikipedia.org/wiki/Macomb_Municipal_Airport,
KMQI,Dare County Regional Airport,US-NC,NC,North Carolina,Manteo,,small_airport,35.91879,-75.695662,13,NA,US,,no,KMQI,MEO,KMQI,MQI,http://www.darenc.com/Airport/,https://en.wikipedia.org/wiki/Dare_County_Regional_Airport,
KMQS,Chester County G O Carlson Airport,US-PA,PA,Pennsylvania,Coatesville,,small_airport,39.97900009,-75.8655014,660,NA,US,,no,KMQS,CTH,KMQS,MQS,http://www.chestercountyairport.com/,https://en.wikipedia.org/wiki/Chester_County_G._O._Carlson_Airport,40N
KMRB,Eastern WV Regional Airport/Shepherd Field,US-WV,WV,West Virginia,Martinsburg,,medium_airport,39.40190125,-77.98459625,565,NA,US,,no,KMRB,MRB,KMRB,MRB,http://www.wvairport.org/,https://en.wikipedia.org/wiki/Eastern_WV_Regional_Airport,
KMRC,Maury County Airport,US-TN,TN,Tennessee,Columbia/Mount Pleasant,,small_airport,35.55410004,-87.17890167,681,NA,US,,no,KMRC,MRC,KMRC,MRC,http://www.maurywebpages.com/airport.htm,https://en.wikipedia.org/wiki/Maury_County_Airport,
KMRH,Michael J. Smith Field,US-NC,NC,North Carolina,Beaufort,,small_airport,34.73360062,-76.66059875,11,NA,US,,no,,,KMRH,MRH,,https://en.wikipedia.org/wiki/Michael_J._Smith_Field,
KMRJ,Iowa County Airport,US-WI,WI,Wisconsin,Mineral Point,,small_airport,42.886799,-90.236198,1171,NA,US,,no,,,KMRJ,MRJ,,https://en.wikipedia.org/wiki/Iowa_County_Airport,
KMRT,Union County Airport,US-OH,OH,Ohio,Marysville,,small_airport,40.224701,-83.351601,1021,NA,US,,no,,,KMRT,MRT,,https://en.wikipedia.org/wiki/Union_County_Airport_(Ohio),
KMRY,Monterey Peninsula Airport,US-CA,CA,California,Monterey,,medium_airport,36.5870018,-121.8430023,257,NA,US,,yes,KMRY,MRY,KMRY,MRY,,https://en.wikipedia.org/wiki/Monterey_Peninsula_Airport,
KMSN,Dane County Regional Truax Field,US-WI,WI,Wisconsin,Madison,,medium_airport,43.1399,-89.337502,887,NA,US,,yes,KMSN,MSN,KMSN,MSN,,https://en.wikipedia.org/wiki/Dane_County_Regional_Airport,
KMSO,Missoula International Airport,US-MT,MT,Montana,Missoula,,medium_airport,46.91630173,-114.0910034,3206,NA,US,,yes,KMSO,MSO,KMSO,MSO,,https://en.wikipedia.org/wiki/Missoula_International_Airport,
KMSP,Minneapolis–Saint Paul International Airport / Wold–Chamberlain Field,US-MN,MN,Minnesota,Minneapolis,,large_airport,44.880081,-93.221741,841,NA,US,,yes,KMSP,MSP,KMSP,MSP,http://www.mspairport.com/,https://en.wikipedia.org/wiki/Minneapolis–Saint_Paul_International_Airport,
KMTH,The Florida Keys Marathon Airport,US-FL,FL,Florida,Marathon,,medium_airport,24.726101,-81.051399,5,NA,US,,no,KMTH,MTH,KMTH,MTH,http://marathonga.com/,https://en.wikipedia.org/wiki/Florida_Keys_Marathon_Airport,
KMTN,Martin State Airport,US-MD,MD,Maryland,Baltimore,,medium_airport,39.325699,-76.413803,21,NA,US,,no,KMTN,MTN,KMTN,MTN,,https://en.wikipedia.org/wiki/Martin_State_Airport,
KMTO,Coles County Memorial Airport,US-IL,IL,Illinois,Mattoon,,small_airport,39.477901,-88.279198,722,NA,US,,no,KMTO,MTO,KMTO,MTO,,https://en.wikipedia.org/wiki/Coles_County_Memorial_Airport,Charleston
KMTW,Manitowoc County Airport,US-WI,WI,Wisconsin,Manitowoc,,small_airport,44.127116,-87.681983,651,NA,US,,no,KMTW,MTW,KMTW,MTW,,https://en.wikipedia.org/wiki/Manitowoc_County_Airport,
KMUL,Spence Airport,US-GA,GA,Georgia,Moultrie,,small_airport,31.141569,-83.703718,292,NA,US,,no,KMUL,MUL,KMUL,MUL,,https://en.wikipedia.org/wiki/Spence_Airport,
KMUT,Muscatine Municipal Airport,US-IA,IA,Iowa,Muscatine,,small_airport,41.367803,-91.148201,547,NA,US,,no,KMUT,MUT,KMUT,MUT,https://www.muscatineiowa.gov/550/Muscatine-Municipal-Airport,https://en.wikipedia.org/wiki/Muscatine_Municipal_Airport,
KMWC,Lawrence J Timmerman Airport,US-WI,WI,Wisconsin,Milwaukee,,small_airport,43.110401,-88.034401,745,NA,US,,no,KMWC,MWC,KMWC,MWC,,https://en.wikipedia.org/wiki/Lawrence_J._Timmerman_Airport,
KMWH,Grant County International Airport,US-WA,WA,Washington,Moses Lake,,medium_airport,47.20769882,-119.3199997,1189,NA,US,,no,KMWH,MWH,KMWH,MWH,http://www.portofmoseslake.com/the-center-of-washington-aviation/,https://en.wikipedia.org/wiki/Grant_County_International_Airport,"LRN, Larson AFB, Moses Lake AFB, Moses Lake AAB"
KMWO,Middletown Regional Airport,US-OH,OH,Ohio,Middletown,,small_airport,39.530998,-84.395302,650,NA,US,,no,KMWO,MWO,KMWO,MWO,,https://en.wikipedia.org/wiki/Middletown_Regional_Airport,Hook Field Municipal Airport
KMYF,Montgomery-Gibbs Executive Airport,US-CA,CA,California,San Diego,,small_airport,32.8157,-117.139999,427,NA,US,,no,KMYF,MYF,KMYF,MYF,http://www.sandiego.gov/airports/montgomery/index.shtml,https://en.wikipedia.org/wiki/Montgomery_Field,Montgomery Field
KMYL,McCall Municipal Airport,US-ID,ID,Idaho,McCall,,medium_airport,44.888837,-116.101112,5024,NA,US,,yes,KMYL,MYL,KMYL,MYL,http://www.mccall.id.us/services/airport.html,https://en.wikipedia.org/wiki/McCall_Municipal_Airport,
KMYR,Myrtle Beach International Airport,US-SC,SC,South Carolina,Myrtle Beach,,medium_airport,33.679699,-78.928299,25,NA,US,,yes,KMYR,MYR,KMYR,MYR,https://www.flymyrtlebeach.com,https://en.wikipedia.org/wiki/Myrtle_Beach_International_Airport,
KN03,Cortland County Chase Field,US-NY,NY,New York,Cortland,,small_airport,42.59260178,-76.21489716,1198,NA,US,,no,,CTX,KN03,N03,,https://en.wikipedia.org/wiki/Cortland_County_Airport,
KN13,Bloomsburg Municipal Airport,US-PA,PA,Pennsylvania,Bloomsburg,,small_airport,40.997676,-76.435256,481,NA,US,,no,,,KN13,N13,,https://en.wikipedia.org/wiki/Bloomsburg_Municipal_Airport,
KN27,Bradford County Airport,US-PA,PA,Pennsylvania,Towanda,,small_airport,41.740002,-76.447098,730,NA,US,,no,,,KN27,N27,,https://en.wikipedia.org/wiki/Bradford_County_Airport,
KN35,Punxsutawney Municipal Airport,US-PA,PA,Pennsylvania,Punxsutawney,,small_airport,40.966702,-78.93,1439,NA,US,,no,,,KN35,N35,,https://en.wikipedia.org/wiki/Punxsutawney_Municipal_Airport,
KN51,Solberg/Hunterdon Airport,US-NJ,NJ,New Jersey,Whitehouse Station,,small_airport,40.583698,-74.736198,195,NA,US,,no,,,,N51,,https://en.wikipedia.org/wiki/Solberg-Hunterdon_Airport,
KN57,New Garden Airport,US-PA,PA,Pennsylvania,Toughkenamon,,small_airport,39.83050156,-75.7696991,436,NA,US,,no,,,KN57,N57,,https://en.wikipedia.org/wiki/New_Garden_Airport,
KN82,Wurtsboro-Sullivan County Airport,US-NY,NY,New York,Wurtsboro,,small_airport,41.597991,-74.459467,560,NA,US,,no,,,,N82,,https://en.wikipedia.org/wiki/Wurtsboro%E2%80%93Sullivan_County_Airport,
KN87,Trenton Robbinsville Airport,US-NJ,NJ,New Jersey,Robbinsville,,small_airport,40.21390152,-74.60179901,118,NA,US,,no,,,N87,N87,,https://en.wikipedia.org/wiki/Trenton-Robbinsville_Airport,
KN96,Bellefonte Airport,US-PA,PA,Pennsylvania,Bellefonte,,small_airport,40.885502,-77.816299,1071,NA,US,,no,,,KN96,N96,,https://en.wikipedia.org/wiki/Bellefonte_Airport,
KNEW,Lakefront Airport,US-LA,LA,Louisiana,New Orleans,,medium_airport,30.04240036,-90.02829742,8,NA,US,,no,KNEW,NEW,KNEW,NEW,http://www.lakefrontairport.com/,https://en.wikipedia.org/wiki/New_Orleans_Lakefront_Airport,
KNQA,Millington-Memphis Airport,US-TN,TN,Tennessee,Millington,,medium_airport,35.356701,-89.8703,320,NA,US,,no,KNQA,NQA,KNQA,NQA,https://millingtonairport.com/,https://en.wikipedia.org/wiki/Millington-Memphis_Airport,"Millington Municipal, NAS Memphis, Millington Regional Jetport"
KO61,Cameron Park Airport,US-CA,CA,California,Cameron Park,,small_airport,38.683998,-120.987999,1286,NA,US,,no,,,,O61,,https://en.wikipedia.org/wiki/Cameron_Airpark,Cameron Airpark
KO69,Petaluma Municipal Airport,US-CA,CA,California,Petaluma,,small_airport,38.25780106,-122.6060028,90,NA,US,,no,,,O69,O69,,https://en.wikipedia.org/wiki/Petaluma_Municipal_Airport,
KO88,Rio Vista Municipal Airport,US-CA,CA,California,Rio Vista,,small_airport,38.19340134,-121.7040024,20,NA,US,,no,,,KO88,O88,,https://en.wikipedia.org/wiki/Rio_Vista_Municipal_Airport,
KOAJ,Albert J Ellis Airport,US-NC,NC,North Carolina,Richlands,,medium_airport,34.829201,-77.612099,94,NA,US,,yes,KOAJ,OAJ,KOAJ,OAJ,https://flyoaj.com/,https://en.wikipedia.org/wiki/Albert_J._Ellis_Airport,
KOAK,San Francisco Bay Oakland International Airport,US-CA,CA,California,Oakland,,large_airport,37.720085,-122.221184,9,NA,US,,yes,KOAK,OAK,KOAK,OAK,https://www.iflyoak.com/,https://en.wikipedia.org/wiki/Oakland_International_Airport,Metro Oakland International
KOBE,Okeechobee County Airport,US-FL,FL,Florida,Okeechobee,,small_airport,27.26280022,-80.84980011,34,NA,US,,no,KOBE,OBE,KOBE,OBE,,https://en.wikipedia.org/wiki/Okeechobee_County_Airport,
KOCF,Ocala International Airport - Jim Taylor Field,US-FL,FL,Florida,Ocala,,small_airport,29.17259979,-82.22419739,90,NA,US,,no,KOCF,OCF,KOCF,OCF,http://www.ocalafl.org/airport/,https://en.wikipedia.org/wiki/Ocala_International_Airport,
KOCH,A L Mangham Jr. Regional Airport,US-TX,TX,Texas,Nacogdoches,,small_airport,31.57799911,-94.70950317,355,NA,US,,no,KOCH,OCH,KOCH,OCH,http://www.ci.nacogdoches.tx.us/index.aspx?nid=634,,
KODO,Odessa Schlemeyer Field,US-TX,TX,Texas,Odessa,,small_airport,31.920601,-102.387001,3004,NA,US,,no,,ODT,KODO,ODO,http://www.co.ector.tx.us/default.aspx?Ector_County/SchlemeyerAirport,https://en.wikipedia.org/wiki/Odessa-Schlemeyer_Field,"E02, Ector County"
KOEO,L O Simenstad Municipal Airport,US-WI,WI,Wisconsin,Osceola,,small_airport,45.31000137,-92.69190216,903,NA,US,,no,KOEO,OEO,KOEO,OEO,http://www.vil.osceola.wi.us/index.asp?Type=B_BASIC&SEC={9098926A-C937-4069-95AA-D331D2F38500},https://en.wikipedia.org/wiki/L.O._Simenstad_Municipal_Airport,
KOFP,Hanover County Municipal Airport,US-VA,VA,Virginia,Hanover,,small_airport,37.709,-77.436699,207,NA,US,,no,,,KOFP,OFP,,https://en.wikipedia.org/wiki/Hanover_County_Municipal_Airport,
KOGD,Ogden Hinckley Airport,US-UT,UT,Utah,Ogden,,medium_airport,41.19589996,-112.012001,4473,NA,US,,yes,KOGD,OGD,KOGD,OGD,http://flyogden.com/,https://en.wikipedia.org/wiki/Ogden-Hinckley_Airport,
KOJA,Thomas P Stafford Airport,US-OK,OK,Oklahoma,Weatherford,,small_airport,35.5448,-98.668503,1605,NA,US,,no,,,KOJA,OJA,,https://en.wikipedia.org/wiki/Thomas_P._Stafford_Airport,F91
KOJC,Johnson County Executive Airport,US-KS,KS,Kansas,Olathe,,small_airport,38.84759903,-94.73760223,1096,NA,US,,no,KOJC,OJC,KOJC,OJC,http://www.jocogov.org/dept/airport-commission/executive-airport,https://en.wikipedia.org/wiki/Johnson_County_Executive_Airport,
KOKK,Kokomo Municipal Airport,US-IN,IN,Indiana,Kokomo,,small_airport,40.52819824,-86.05899811,830,NA,US,,no,KOKK,OKK,KOKK,OKK,http://www.cityofkokomo.org/departments/airport/index.php,https://en.wikipedia.org/wiki/Kokomo_Municipal_Airport,
KOKV,Winchester Regional Airport,US-VA,VA,Virginia,Winchester,,small_airport,39.14350128,-78.14440155,726,NA,US,,no,KOKV,WGO,KOKV,OKV,http://websmart66.net/cgi-bin/p/w66p-home.cgi?d=winchester-aviation-services,https://en.wikipedia.org/wiki/Winchester_Regional_Airport,
KOLM,Olympia Regional Airport,US-WA,WA,Washington,Olympia,,medium_airport,46.969399,-122.903,209,NA,US,,yes,KOLM,OLM,KOLM,OLM,,https://en.wikipedia.org/wiki/Olympia_Airport,
KOLV,Olive Branch Airport,US-MS,MS,Mississippi,Olive Branch,,small_airport,34.97869873,-89.78690338,402,NA,US,,no,KOLV,OLV,KOLV,OLV,,https://en.wikipedia.org/wiki/Olive_Branch_Airport,
KOMA,Eppley Airfield,US-NE,NE,Nebraska,Omaha,,large_airport,41.3032,-95.894096,984,NA,US,,yes,KOMA,OMA,KOMA,OMA,https://www.flyoma.com,https://en.wikipedia.org/wiki/Eppley_Airfield,
KOMN,Ormond Beach Municipal Airport,US-FL,FL,Florida,Ormond Beach,,small_airport,29.30060005,-81.11360168,29,NA,US,,no,,,KOMN,OMN,,https://en.wikipedia.org/wiki/Ormond_Beach_Municipal_Airport,
KONX,Currituck County Regional Airport,US-NC,NC,North Carolina,Maple,,small_airport,36.398899,-76.016296,18,NA,US,,no,,,KONX,ONX,http://www.co.currituck.nc.us/airport.cfm,https://en.wikipedia.org/wiki/Currituck_County_Airport,9W7
KOOA,Oskaloosa Municipal Airport,US-IA,IA,Iowa,Cedar,,small_airport,41.2262,-92.493896,841,NA,US,,no,KOOA,OOA,KOOA,OOA,,,
KOPF,Miami-Opa Locka Executive Airport,US-FL,FL,Florida,Miami,,medium_airport,25.907,-80.278397,8,NA,US,,yes,KOPF,OPF,KOPF,OPF,http://www.miami-airport.com/html/opalocka.html,https://en.wikipedia.org/wiki/Miami-Opa_Locka_Executive_Airport,
KOQN,Brandywine Regional Airport,US-PA,PA,Pennsylvania,West Chester,,small_airport,39.990101,-75.581902,466,NA,US,,no,,,KOQN,OQN,https://www.brandywineairport.com/,https://en.wikipedia.org/wiki/Brandywine_Airport,Formerly N99
KORE,Orange Municipal Airport,US-MA,MA,Massachusetts,Orange,,small_airport,42.57009888,-72.28859711,555,NA,US,,no,,,KORE,ORE,http://www.flyore.com/,https://en.wikipedia.org/wiki/Orange_Municipal_Airport,
KORF,Norfolk International Airport,US-VA,VA,Virginia,Norfolk,,large_airport,36.895341,-76.201,26,NA,US,,yes,KORF,ORF,KORF,ORF,https://www.norfolkairport.com/,https://en.wikipedia.org/wiki/Norfolk_International_Airport,
KORK,North Little Rock Municipal Airport,US-AR,AR,Arkansas,North Little Rock,,small_airport,34.83309937,-92.25409698,545,NA,US,,no,,,KORK,ORK,,https://en.wikipedia.org/wiki/North_Little_Rock_Municipal_Airport,1M1
KORL,Orlando Executive Airport,US-FL,FL,Florida,Orlando,,small_airport,28.5455,-81.332901,113,NA,US,,no,KORL,ORL,KORL,ORL,,https://en.wikipedia.org/wiki/Orlando_Executive_Airport,"Herndon Airport, Orlando Executive Airport, KORL, ORL, Orlando Municipal Airport, Orlando Army Air Base, Orlando Air Force Base, Naval Training Center Orlando"
KOSC,Oscoda Wurtsmith Airport,US-MI,MI,Michigan,Oscoda,,small_airport,44.451599,-83.394096,633,NA,US,,no,KOSC,OSC,KOSC,OSC,,https://en.wikipedia.org/wiki/Oscoda%E2%80%93Wurtsmith_Airport,
KOSH,Wittman Regional Airport,US-WI,WI,Wisconsin,Oshkosh,,medium_airport,43.9844017,-88.55699921,808,NA,US,,no,KOSH,OSH,KOSH,OSH,http://www.wittmanairport.com/,https://en.wikipedia.org/wiki/Wittman_Regional_Airport,
KOTG,Worthington Municipal Airport,US-MN,MN,Minnesota,Worthington,,small_airport,43.65477,-95.577364,1574,NA,US,,no,KOTG,OTG,KOTG,OTG,,https://en.wikipedia.org/wiki/Worthington_Municipal_Airport,
KOTM,Ottumwa Regional Airport,US-IA,IA,Iowa,Ottumwa,,medium_airport,41.106368,-92.449837,845,NA,US,,no,KOTM,OTM,KOTM,OTM,,https://en.wikipedia.org/wiki/Ottumwa_Regional_Airport,
KOUN,University of Oklahoma Westheimer Airport,US-OK,OK,Oklahoma,Norman,,small_airport,35.2456,-97.472099,1182,NA,US,,no,KOUN,OUN,KOUN,OUN,http://www.ou.edu/airport.html,https://en.wikipedia.org/wiki/University_of_Oklahoma_Westheimer_Airport,
KOVE,Oroville Municipal Airport,US-CA,CA,California,Oroville,,small_airport,39.4878006,-121.6220016,192,NA,US,,no,KOVE,OVE,KOVE,OVE,http://www.cityoforoville.org/index.aspx?page=210,https://en.wikipedia.org/wiki/Oroville_Municipal_Airport,Oroville AAF
KOWA,Owatonna Degner Regional Airport,US-MN,MN,Minnesota,Owatonna,,small_airport,44.123402,-93.260597,1145,NA,US,,no,KOWA,OWA,KOWA,OWA,http://ci.owatonna.mn.us/airport,https://en.wikipedia.org/wiki/Owatonna_Degner_Regional_Airport,
KOWD,Norwood Memorial Airport,US-MA,MA,Massachusetts,Norwood,,medium_airport,42.19049835,-71.17289734,49,NA,US,,no,KOWD,OWD,KOWD,OWD,http://www.ci.norwood.ma.us/Airport/Default.htm,https://en.wikipedia.org/wiki/Norwood_Memorial_Airport,
KOWK,Central Maine/Norridgewock Airport,US-ME,ME,Maine,Norridgewock,,small_airport,44.7155,-69.866501,270,NA,US,,no,KOWK,OWK,KOWK,OWK,http://www.townofnorridgewock.com/airport.html,https://en.wikipedia.org/wiki/Central_Maine_Airport_of_Norridgewock,Central Maine Regional Airport
KOWP,William R. Pogue Municipal Airport,US-OK,OK,Oklahoma,Sand Springs,,small_airport,36.175301,-96.151802,892,NA,US,,no,,,KOWP,OWP,,https://en.wikipedia.org/wiki/William_R._Pogue_Municipal_Airport,0F8
KOXC,Waterbury Oxford Airport,US-CT,CT,Connecticut,Oxford,,small_airport,41.47859955,-73.1352005,726,NA,US,,no,KOXC,OXC,KOXC,OXC,http://www.ctairports.org/GeneralAviationAirports/WaterburyOxford/AbouttheAirport.aspx,https://en.wikipedia.org/wiki/Waterbury%E2%80%93Oxford_Airport,
KOZW,Livingston County Spencer J. Hardy Airport,US-MI,MI,Michigan,Howell,,small_airport,42.62919998,-83.98210144,962,NA,US,,no,,,KOZW,OZW,,https://en.wikipedia.org/wiki/Livingston_County_Spencer_J._Hardy_Airport,
KP03,Cochise College Airport,US-AZ,AZ,Arizona,Douglas,,small_airport,31.371099,-109.690002,4124,NA,US,,no,,,KP03,P03,,https://en.wikipedia.org/wiki/Cochise_College_Airport,
KPAE,Seattle Paine Field International Airport,US-WA,WA,Washington,Everett,,medium_airport,47.9063,-122.281998,606,NA,US,,yes,KPAE,PAE,KPAE,PAE,,https://en.wikipedia.org/wiki/Paine_Field,Snohomish County
KPAH,Barkley Regional Airport,US-KY,KY,Kentucky,Paducah,,medium_airport,37.06079865,-88.77380371,410,NA,US,,yes,KPAH,PAH,KPAH,PAH,,https://en.wikipedia.org/wiki/Barkley_Regional_Airport,
KPAO,Palo Alto Airport,US-CA,CA,California,Palo Alto,,medium_airport,37.461102,-122.114998,4,NA,US,,no,KPAO,PAO,KPAO,PAO,https://www.cityofpaloalto.org/Departments/Public-Works/Palo-Alto-Airport,https://en.wikipedia.org/wiki/Palo_Alto_Airport_of_Santa_Clara_County,Santa Clara County
KPBI,Palm Beach International Airport,US-FL,FL,Florida,West Palm Beach,,large_airport,26.683201,-80.095596,19,NA,US,,yes,KPBI,PBI,KPBI,PBI,https://www.pbia.org/,https://en.wikipedia.org/wiki/Palm_Beach_International_Airport,"MFW, South Florida"
KPCM,Plant City Municipal Airport,US-FL,FL,Florida,Plant City,,small_airport,28.0002,-82.1642,153,NA,US,,no,,,KPCM,PCM,,https://en.wikipedia.org/wiki/Plant_City_Airport,
KPCW,Erie Ottawa International Airport Carl R Keller Field,US-OH,OH,Ohio,Port Clinton,,medium_airport,41.515647,-82.868328,590,NA,US,,yes,,,KPCW,PCW,,https://en.wikipedia.org/wiki/Erie%E2%80%93Ottawa_International_Airport,
KPCZ,Waupaca Municipal Airport,US-WI,WI,Wisconsin,Waupaca,,small_airport,44.333302,-89.019798,840,NA,US,,no,,,KPCZ,PCZ,,https://en.wikipedia.org/wiki/Waupaca_Municipal_Airport,
KPDK,DeKalb Peachtree Airport,US-GA,GA,Georgia,Atlanta,,medium_airport,33.87633,-84.30213,1003,NA,US,,yes,KPDK,PDK,KPDK,PDK,http://web.co.dekalb.ga.us/pdkairport/index.asp,https://en.wikipedia.org/wiki/DeKalb-Peachtree_Airport,
KPDT,Eastern Oregon Regional Airport at Pendleton,US-OR,OR,Oregon,Pendleton,,medium_airport,45.695099,-118.841003,1497,NA,US,,yes,KPDT,PDT,KPDT,PDT,,https://en.wikipedia.org/wiki/Eastern_Oregon_Regional_Airport,
KPEA,Pella Municipal Airport,US-IA,IA,Iowa,Pella,,small_airport,41.40010071,-92.94589996,885,NA,US,,no,,,KPEA,PEA,,,
KPGD,Punta Gorda Airport,US-FL,FL,Florida,Punta Gorda,,medium_airport,26.9202,-81.990501,26,NA,US,,yes,KPGD,PGD,KPGD,PGD,http://www.flypgd.com/,https://en.wikipedia.org/wiki/Punta_Gorda_Airport_(Florida),"Charlotte County, Punta Gorda AAF"
KPGV,Pitt-Greenville Airport,US-NC,NC,North Carolina,Greenville,,medium_airport,35.635535,-77.384262,26,NA,US,,yes,KPGV,PGV,KPGV,PGV,,https://en.wikipedia.org/wiki/Pitt-Greenville_Airport,
KPHD,Harry Clever Field,US-OH,OH,Ohio,New Philadelphia,,small_airport,40.47090149,-81.41970062,894,NA,US,,no,KPHD,PHD,KPHD,PHD,,https://en.wikipedia.org/wiki/Harry_Clever_Field,
KPHF,Newport News Williamsburg International Airport,US-VA,VA,Virginia,Newport News,,medium_airport,37.131901,-76.492996,42,NA,US,,yes,KPHF,PHF,KPHF,PHF,,https://en.wikipedia.org/wiki/Newport_News/Williamsburg_International_Airport,
KPHN,St Clair County International Airport,US-MI,MI,Michigan,Port Huron,,small_airport,42.9109993,-82.52890015,650,NA,US,,no,KPHN,PHN,KPHN,PHN,,https://en.wikipedia.org/wiki/St._Clair_County_International_Airport,
KPHX,Phoenix Sky Harbor International Airport,US-AZ,AZ,Arizona,Phoenix,,large_airport,33.435302,-112.005905,1135,NA,US,,yes,KPHX,PHX,KPHX,PHX,http://phoenix.gov/skyharborairport/,https://en.wikipedia.org/wiki/Phoenix_Sky_Harbor_International_Airport,
KPIE,St. Petersburg Clearwater International Airport,US-FL,FL,Florida,Pinellas Park,,medium_airport,27.9102,-82.687401,11,NA,US,,yes,KPIE,PIE,KPIE,PIE,,https://en.wikipedia.org/wiki/St._Petersburg-Clearwater_International_Airport,
KPIH,Pocatello Regional Airport,US-ID,ID,Idaho,Pocatello,,medium_airport,42.90980148,-112.5960007,4452,NA,US,,yes,KPIH,PIH,KPIH,PIH,,https://en.wikipedia.org/wiki/Pocatello_Regional_Airport,
KPIR,Pierre Regional Airport,US-SD,SD,South Dakota,Pierre,,medium_airport,44.38270187,-100.2860031,1744,NA,US,,yes,KPIR,PIR,KPIR,PIR,,https://en.wikipedia.org/wiki/Pierre_Regional_Airport,
KPJC,Zelienople Municipal Airport,US-PA,PA,Pennsylvania,Zelienople,,small_airport,40.801601,-80.160698,898,NA,US,,no,,,KPJC,PJC,,https://en.wikipedia.org/wiki/Zelienople_Municipal_Airport,Formerly 8G7
KPKB,Mid Ohio Valley Regional Airport,US-WV,WV,West Virginia,Parkersburg (Williamstown),,medium_airport,39.3451,-81.439201,858,NA,US,,yes,KPKB,PKB,KPKB,PKB,,https://en.wikipedia.org/wiki/Mid-Ohio_Valley_Regional_Airport,
KPLR,St Clair County Airport,US-AL,AL,Alabama,Pell City,,small_airport,33.55879974,-86.24909973,485,NA,US,,no,KPLR,PLR,KPLR,PLR,http://www.plrairport.com/,https://en.wikipedia.org/wiki/St._Clair_County_Airport,
KPLU,Pierce County-Thun Field,US-WA,WA,Washington,Puyallup,,small_airport,47.103901,-122.287003,538,NA,US,,no,,,KPLU,PLU,https://www.co.pierce.wa.us/1633/Thun-Field-PLU,https://en.m.wikipedia.org/wiki/Pierce_County_Airport,1S0
KPMH,Greater Portsmouth Regional Airport,US-OH,OH,Ohio,Portsmouth,,small_airport,38.84049988,-82.84729767,663,NA,US,,no,KPMH,PMH,KPMH,PMH,http://www.sciotocountyohio.com/airports.html,https://en.wikipedia.org/wiki/Greater_Portsmouth_Regional_Airport,Scioto County Airport
KPMP,Pompano Beach Airpark,US-FL,FL,Florida,Pompano Beach,,small_airport,26.24710083,-80.11109924,19,NA,US,,no,KPMP,PPM,KPMP,PMP,http://pompanobeachfl.gov/index.php/pages/pw_airpark/airpark,https://en.wikipedia.org/wiki/Pompano_Beach_Airpark,
KPNE,Northeast Philadelphia Airport,US-PA,PA,Pennsylvania,Philadelphia,,medium_airport,40.082406,-75.010614,120,NA,US,,no,KPNE,PNE,KPNE,PNE,http://www.phl.org/pne/pne.html,https://en.wikipedia.org/wiki/Northeast_Philadelphia_Airport,
KPNS,Pensacola International Airport,US-FL,FL,Florida,Pensacola,,medium_airport,30.4734,-87.1866,121,NA,US,,yes,KPNS,PNS,KPNS,PNS,http://www.flypensacola.com/,https://en.wikipedia.org/wiki/Pensacola_Regional_Airport,
KPNT,Pontiac Municipal Airport,US-IL,IL,Illinois,Pontiac,,small_airport,40.924255,-88.62447,666,NA,US,,no,,,KPNT,PNT,,https://en.wikipedia.org/wiki/Pontiac_Municipal_Airport,
KPOC,Brackett Field,US-CA,CA,California,La Verne,,small_airport,34.09159851,-117.7819977,1011,NA,US,,no,KPOC,POC,KPOC,POC,http://dpw.lacounty.gov/avi/airports/BrackettField.aspx,https://en.wikipedia.org/wiki/Brackett_Field,
KPOF,Poplar Bluff Municipal Airport,US-MO,MO,Missouri,Poplar Bluff,,small_airport,36.773899,-90.324898,331,NA,US,,no,KPOF,POF,KPOF,POF,http://www.poplarbluff-mo.gov/index.asp?SEC=CFDD2948-56CF-42FC-92CA-6AAA7D0952AA&Type=B_BASIC,https://de.wikipedia.org/wiki/Earl_Fields_Memorial_Airport,
KPPO,La Porte Municipal Airport,US-IN,IN,Indiana,La Porte,,small_airport,41.57249832,-86.73449707,812,NA,US,,no,KPPO,LPO,KPPO,PPO,http://www.laportemuniairport.com/,https://en.wikipedia.org/wiki/La_Porte_Municipal_Airport_(Indiana),
KPRB,Paso Robles Municipal Airport,US-CA,CA,California,Paso Robles,,medium_airport,35.67290115,-120.6269989,840,NA,US,,no,KPRB,PRB,KPRB,PRB,http://www.prcity.com/government/departments/publicworks/airport/,https://en.wikipedia.org/wiki/Paso_Robles_Municipal_Airport,
KPRC,Prescott International Airport - Ernest A. Love Field,US-AZ,AZ,Arizona,Prescott,,medium_airport,34.654499,-112.419998,5045,NA,US,,yes,KPRC,PRC,KPRC,PRC,,https://en.wikipedia.org/wiki/Ernest_A._Love_Field,
KPRZ,Portales Municipal Airport,US-NM,NM,New Mexico,Portales,,small_airport,34.1455,-103.410004,4078,NA,US,,no,,,KPRZ,PRZ,,https://en.wikipedia.org/wiki/Portales_Municipal_Airport,
KPSK,New River Valley Airport,US-VA,VA,Virginia,Dublin,,small_airport,37.13729858,-80.67849731,2105,NA,US,,no,KPSK,PSK,KPSK,PSK,http://www.nrvairport.com/,https://en.wikipedia.org/wiki/New_River_Valley_Airport,
KPSM,Portsmouth International at Pease Airport,US-NH,NH,New Hampshire,Portsmouth,,medium_airport,43.07789993,-70.82330322,100,NA,US,,yes,KPSM,PSM,KPSM,PSM,,https://en.wikipedia.org/wiki/Pease_International_Airport,
KPSP,Palm Springs International Airport,US-CA,CA,California,Palm Springs,,medium_airport,33.8297,-116.507004,477,NA,US,,yes,KPSP,PSP,KPSP,PSP,http://www.palmspringsca.gov/index.aspx?page=270,https://en.wikipedia.org/wiki/Palm_Springs_International_Airport,Palm Springs Air Base
KPTD,Potsdam Municipal Airport Damon Field,US-NY,NY,New York,Potsdam,,small_airport,44.67657,-74.948583,474,NA,US,,no,,,KPTD,PTD,,https://en.wikipedia.org/wiki/Potsdam_Municipal_Airport,
KPTK,Oakland County International Airport,US-MI,MI,Michigan,Pontiac,,medium_airport,42.66550064,-83.42009735,980,NA,US,,no,KPTK,PTK,KPTK,PTK,https://www.oakgov.com/aviation/ocia,https://en.wikipedia.org/wiki/Oakland_County_International_Airport,"Pontiac Municipal Airport, Oakland-Pontiac Airport"
KPTW,Heritage Field,US-PA,PA,Pennsylvania,Pottstown,,small_airport,40.239601,-75.556702,309,NA,US,,no,KPTW,PTW,KPTW,PTW,https://en.wikipedia.org/wiki/Heritage_Field_Airport,https://en.wikipedia.org/wiki/Pottstown_Limerick_Airport,Pottstown Limerick Airport
KPUB,Pueblo Memorial Airport,US-CO,CO,Colorado,Pueblo,,medium_airport,38.289101,-104.497002,4726,NA,US,,yes,KPUB,PUB,KPUB,PUB,,https://en.wikipedia.org/wiki/Pueblo_Memorial_Airport,
KPUJ,Silver Comet Field at Paulding Northwest Atlanta Airport,US-GA,GA,Georgia,Dallas,,small_airport,33.913306,-84.942083,1289,NA,US,,no,,,KPUJ,PUJ,http://www.pauldingairport.com,https://en.wikipedia.org/wiki/Silver_Comet_Field_at_Paulding_Northwest_Atlanta_Airport,"Paulding County Regional Airport, Silver Comet Field"
KPUW,Pullman-Moscow Regional Airport,US-WA,WA,Washington,Pullman,,medium_airport,46.741601,-117.11163,2556,NA,US,,yes,KPUW,PUW,KPUW,PUW,http://www.pullman-wa.gov/airport/,https://en.wikipedia.org/wiki/Pullman-Moscow_Regional_Airport,
KPVB,Platteville Municipal Airport,US-WI,WI,Wisconsin,Platteville,,small_airport,42.6894,-90.444397,1025,NA,US,,no,,,KPVB,PVB,,https://en.wikipedia.org/wiki/Platteville_Municipal_Airport,
KPVF,Placerville Airport,US-CA,CA,California,Placerville,,small_airport,38.7242012,-120.7529984,2585,NA,US,,no,KPVF,PVF,KPVF,PVF,,https://en.wikipedia.org/wiki/Placerville_Airport,
KPVG,Hampton Roads Executive Airport,US-VA,VA,Virginia,Chesapeake,,small_airport,36.780391,-76.44881,28,NA,US,,no,KPVG,,KPVG,PVG,http://flypvg.com,https://en.wikipedia.org/wiki/Hampton_Roads_Executive_Airport,
KPVU,Provo-Utah Lake International Airport,US-UT,UT,Utah,Provo,,medium_airport,40.2192,-111.723,4497,NA,US,,yes,KPVU,PVU,KPVU,PVU,http://www.provo.org/city-services/airport,https://en.wikipedia.org/wiki/Provo_Municipal_Airport,
KPWA,Wiley Post Airport,US-OK,OK,Oklahoma,Oklahoma City,,small_airport,35.53419876,-97.64710236,1300,NA,US,,no,KPWA,PWA,KPWA,PWA,http://www.wileypostairport.com/Home.aspx,https://en.wikipedia.org/wiki/Wiley_Post_Airport,
KPWG,McGregor Executive Airport,US-TX,TX,Texas,Waco,,small_airport,31.48489952,-97.3164978,592,NA,US,,no,,,KPWG,PWG,http://www.mcgregor-texas.com/city/Airport%20Main.html,,F60
KPWK,Chicago Executive Airport,US-IL,IL,Illinois,Chicago/Prospect Heights/Wheeling,,medium_airport,42.114222,-87.901494,647,NA,US,,no,,PWK,KPWK,PWK,http://chiexec.com/,https://en.wikipedia.org/wiki/Chicago_Executive_Airport,
KPWM,Portland International Jetport,US-ME,ME,Maine,Portland,,large_airport,43.646198,-70.309303,76,NA,US,,yes,KPWM,PWM,KPWM,PWM,https://portlandjetport.org/,https://en.wikipedia.org/wiki/Portland_International_Jetport,
KPWT,Bremerton National Airport,US-WA,WA,Washington,Bremerton,,medium_airport,47.49020004,-122.7649994,444,NA,US,,no,KPWT,PWT,KPWT,PWT,https://en.wikipedia.org/wiki/Bremerton_National_Airport,https://en.wikipedia.org/wiki/Bremerton_National_Airport,
KPXE,Perry Houston County Airport,US-GA,GA,Georgia,Perry,,small_airport,32.510601,-83.767303,418,NA,US,,no,,,KPXE,PXE,,https://en.wikipedia.org/wiki/Perry%E2%80%93Houston_County_Airport,
KRAC,John H Batten Airport,US-WI,WI,Wisconsin,Racine,,small_airport,42.76060104,-87.81520081,674,NA,US,,no,KRAC,RAC,KRAC,RAC,http://www.battenairport.aero/,https://en.wikipedia.org/wiki/John_H._Batten_Airport,Horlick Field
KRAL,Riverside Municipal Airport,US-CA,CA,California,Riverside,,medium_airport,33.9519,-117.445,819,NA,US,,no,KRAL,RAL,KRAL,RAL,http://www.riversideca.gov/airport/,https://en.wikipedia.org/wiki/Riverside_Municipal_Airport,Riverside Arlington
KRAP,Rapid City Regional Airport,US-SD,SD,South Dakota,Rapid City,,medium_airport,44.04529953,-103.0569992,3204,NA,US,,yes,KRAP,RAP,KRAP,RAP,,https://en.wikipedia.org/wiki/Rapid_City_Regional_Airport,
KRBD,Dallas Executive Airport,US-TX,TX,Texas,Dallas,,small_airport,32.68090057,-96.86820221,660,NA,US,,no,KRBD,RBD,KRBD,RBD,http://www.dallasexecairport.com/,https://en.wikipedia.org/wiki/Dallas_Executive_Airport,Redbird Airport
KRBG,Roseburg Regional Airport,US-OR,OR,Oregon,Roseburg,,small_airport,43.23880005,-123.3560028,529,NA,US,,no,KRBG,RBG,KRBG,RBG,http://www.cityofroseburg.org/departments/airport/,https://en.wikipedia.org/wiki/Roseburg_Regional_Airport,Major General Marion E. Carl Memorial Field
KRBW,Lowcountry Regional Airport,US-SC,SC,South Carolina,Walterboro,,small_airport,32.92100143,-80.64060211,101,NA,US,,no,KRBW,RBW,KRBW,RBW,http://lowcountryairport.com/,https://en.wikipedia.org/wiki/Lowcountry_Regional_Airport,"C.C. Anderson Landing Field, Walterboro AAF"
KRDD,Redding Municipal Airport,US-CA,CA,California,Redding,,medium_airport,40.50899887,-122.2929993,505,NA,US,,yes,KRDD,RDD,KRDD,RDD,,https://en.wikipedia.org/wiki/Redding_Municipal_Airport,
KRDG,Reading Regional Airport (Carl A Spaatz Field),US-PA,PA,Pennsylvania,Reading,,medium_airport,40.378502,-75.965202,344,NA,US,,no,KRDG,RDG,KRDG,RDG,,https://en.wikipedia.org/wiki/Reading_Regional_Airport,
KRDU,Raleigh Durham International Airport,US-NC,NC,North Carolina,Raleigh/Durham,,large_airport,35.877602,-78.787498,435,NA,US,,yes,KRDU,RDU,KRDU,RDU,https://www.rdu.com/,https://en.wikipedia.org/wiki/Raleigh-Durham_International_Airport,
KREI,Redlands Municipal Airport,US-CA,CA,California,Redlands,,small_airport,34.08530045,-117.1460037,1571,NA,US,,no,,,KREI,REI,,https://en.wikipedia.org/wiki/Redlands_Municipal_Airport,Formerly L12
KRFD,Chicago Rockford International Airport,US-IL,IL,Illinois,Chicago/Rockford,,medium_airport,42.1954,-89.097198,742,NA,US,,yes,KRFD,RFD,KRFD,RFD,,https://en.wikipedia.org/wiki/Chicago/Rockford_International_Airport,
KRGK,Red Wing Regional Airport,US-MN,MN,Minnesota,Red Wing,,small_airport,44.589401,-92.485001,778,NA,US,,no,,,KRGK,RGK,,https://en.wikipedia.org/wiki/Red_Wing_Regional_Airport,
KRHI,Rhinelander Oneida County Airport,US-WI,WI,Wisconsin,Rhinelander,,medium_airport,45.63119888,-89.46749878,1624,NA,US,,yes,KRHI,RHI,KRHI,RHI,,https://en.wikipedia.org/wiki/Rhinelander-Oneida_County_Airport,
KRHV,Reid-Hillview Airport of Santa Clara County,US-CA,CA,California,San Jose,,small_airport,37.332901,-121.8190002,135,NA,US,,no,KRHV,RHV,KRHV,RHV,http://www.countyairports.org/rhv.html,https://en.wikipedia.org/wiki/Reid-Hillview_Airport,
KRIC,Richmond International Airport,US-VA,VA,Virginia,Richmond,,large_airport,37.505199,-77.319702,167,NA,US,,yes,KRIC,RIC,KRIC,RIC,https://flyrichmond.com/,https://en.wikipedia.org/wiki/Richmond_International_Airport,
KRIL,Garfield County Regional Airport,US-CO,CO,Colorado,Rifle,,medium_airport,39.526299,-107.726997,5548,NA,US,,no,KRIL,RIL,KRIL,RIL,http://www.rifleairport.com/,https://en.wikipedia.org/wiki/Garfield_County_Regional_Airport,Rifle Airport
KRKD,Knox County Regional Airport,US-ME,ME,Maine,Rockland,,medium_airport,44.060101,-69.099197,56,NA,US,,yes,KRKD,RKD,KRKD,RKD,,https://en.wikipedia.org/wiki/Knox_County_Regional_Airport,
KRKS,Southwest Wyoming Regional Airport,US-WY,WY,Wyoming,Rock Springs,,medium_airport,41.5942,-109.065001,6764,NA,US,,yes,KRKS,RKS,KRKS,RKS,,https://en.wikipedia.org/wiki/Rock_Springs_-_Sweetwater_County_Airport,Rock Springs Sweetwater County
KRKW,Rockwood Municipal Airport,US-TN,TN,Tennessee,Rockwood,,small_airport,35.92229843,-84.68969727,1664,NA,US,,no,KRKW,RKW,KRKW,RKW,http://www.rockwoodtn.org/airport.html,https://en.wikipedia.org/wiki/Rockwood_Municipal_Airport,
KRME,Griffiss International Airport,US-NY,NY,New York,Rome,,medium_airport,43.23379898,-75.40699768,504,NA,US,,no,KRME,RME,KRME,RME,http://www.ocgov.net/oneida/airport,https://en.wikipedia.org/wiki/Griffiss_Airfield,
KRMG,Richard B Russell Airport,US-GA,GA,Georgia,Rome,,medium_airport,34.3506012,-85.15799713,644,NA,US,,no,KRMG,RMG,KRMG,RMG,http://www.romefloyd.com/EconomicDevelopment/Airport/tabid/306/Default.aspx,https://en.wikipedia.org/wiki/Richard_B._Russell_Airport,Towers Field
KRMN,Stafford Regional Airport,US-VA,VA,Virginia,Fredericksburg,,small_airport,38.398102,-77.455498,211,NA,US,,no,KRMN,,KRMN,RMN,,https://en.wikipedia.org/wiki/Stafford_Regional_Airport,
KRNH,New Richmond Regional Airport,US-WI,WI,Wisconsin,New Richmond,,medium_airport,45.1483,-92.538101,998,NA,US,,no,KRNH,RNH,KRNH,RNH,,https://en.wikipedia.org/wiki/New_Richmond_Regional_Airport,
KRNM,Ramona Airport,US-CA,CA,California,Ramona,,small_airport,33.0392,-116.915001,1395,NA,US,,no,,,KRNM,RNM,,https://en.wikipedia.org/wiki/Ramona_Airport,L39
KRNO,Reno Tahoe International Airport,US-NV,NV,Nevada,Reno,,large_airport,39.4991,-119.767998,4415,NA,US,,yes,KRNO,RNO,KRNO,RNO,https://www.renoairport.com/,https://en.wikipedia.org/wiki/Reno-Tahoe_International_Airport,
KRNP,Owosso Community Airport,US-MI,MI,Michigan,Owosso,,small_airport,42.99300003,-84.13890076,736,NA,US,,no,,,KRNP,RNP,http://www.krnp.org/,https://en.wikipedia.org/wiki/Owosso_Community_Airport,5D3
KRNT,Renton Municipal Airport,US-WA,WA,Washington,Renton,,small_airport,47.49309921,-122.2160034,32,NA,US,,no,KRNT,RNT,KRNT,RNT,https://rentonwa.gov/living/default.aspx?id=212,https://en.wikipedia.org/wiki/Renton_Municipal_Airport,Scott Field
KROA,Roanoke–Blacksburg Regional Airport,US-VA,VA,Virginia,Roanoke,,medium_airport,37.3255,-79.975403,1175,NA,US,,yes,KROA,ROA,KROA,ROA,http://www.flyroa.com,https://en.wikipedia.org/wiki/Roanoke%E2%80%93Blacksburg_Regional_Airport,Woodrum Field
KROC,Frederick Douglass Greater Rochester International Airport,US-NY,NY,New York,Rochester,,medium_airport,43.1189,-77.672401,559,NA,US,,yes,KROC,ROC,KROC,ROC,https://rocairport.com/,https://en.wikipedia.org/wiki/Greater_Rochester_International_Airport,
KROS,Rush City Regional Airport,US-MN,MN,Minnesota,Rush City,,small_airport,45.698002,-92.953003,926,NA,US,,no,,,KROS,ROS,,https://en.wikipedia.org/wiki/Rush_City_Regional_Airport,
KRPJ,Rochelle Municipal Airport - Koritz Field,US-IL,IL,Illinois,Rochelle,,small_airport,41.893002,-89.0783,781,NA,US,,no,,,KRPJ,RPJ,,https://en.wikipedia.org/wiki/Rochelle_Municipal_Airport,
KRSN,Ruston Regional Airport,US-LA,LA,Louisiana,Ruston,,small_airport,32.514187,-92.588517,311,NA,US,,no,KRSN,RSN,KRSN,RSN,http://www.ruston.org/departments.aspx?p_PageAlias=regional-airport,https://en.wikipedia.org/wiki/Ruston_Regional_Airport,3L5
KRST,Rochester International Airport,US-MN,MN,Minnesota,Rochester,,medium_airport,43.908298,-92.5,1317,NA,US,,yes,KRST,RST,KRST,RST,,https://en.wikipedia.org/wiki/Rochester_International_Airport,
KRUQ,Mid-Carolina Regional Airport,US-NC,NC,North Carolina,Salisbury,,small_airport,35.645901,-80.520302,772,NA,US,,no,KRUQ,SRW,KRUQ,RUQ,https://www.rowancountync.gov/GOVERNMENT/Departments/Airport.aspx,https://en.wikipedia.org/wiki/Rowan_County_Airport,Rowan County Airport
KRUT,Rutland - Southern Vermont Regional Airport,US-VT,VT,Vermont,Rutland,,medium_airport,43.5294,-72.9496,787,NA,US,,yes,KRUT,RUT,KRUT,RUT,,https://en.wikipedia.org/wiki/Rutland_State_Airport,
KRVJ,Swinton Smith Field at Reidsville Municipal Airport,US-GA,GA,Georgia,Reidsville,,small_airport,32.0595,-82.153777,195,NA,US,,no,,,KRVJ,RVJ,,,
KRVS,Tulsa Riverside Airport,US-OK,OK,Oklahoma,Tulsa,,medium_airport,36.0396,-95.984596,638,NA,US,,no,KRVS,RVS,KRVS,RVS,http://www.tulsaairports.com/general-aviation/r-l-jones/,https://en.wikipedia.org/wiki/Richard_Lloyd_Jones_Jr._Airport,"Riverside Airport, Tulsa"
KRXE,Rexburg Madison County Airport,US-ID,ID,Idaho,Rexburg,,small_airport,43.8339,-111.805002,4858,NA,US,,no,KRXE,RXE,KRXE,RXE,,https://en.wikipedia.org/wiki/Rexburg%E2%80%93Madison_County_Airport,U11
KRYV,Watertown Municipal Airport,US-WI,WI,Wisconsin,Watertown,,small_airport,43.169601,-88.723198,833,NA,US,,no,,,KRYV,RYV,,https://en.wikipedia.org/wiki/Watertown_Municipal_Airport_(Wisconsin),
KRYW,Lago Vista Texas Rusty Allen Airport,US-TX,TX,Texas,Lago Vista,,small_airport,30.4986,-97.969498,1231,NA,US,,no,,,KRYW,RYW,,https://en.wikipedia.org/wiki/Lago_Vista_TX_-_Rusty_Allen_Airport,Formerly 5R3
KRYY,Cobb County International Airport-McCollum Field,US-GA,GA,Georgia,Atlanta,,medium_airport,34.01316,-84.59721,1040,NA,US,,no,,,KRYY,RYY,,https://en.wikipedia.org/wiki/Cobb_County_Airport,
KS03,Ashland Municipal Airport Sumner Parker Field,US-OR,OR,Oregon,Ashland,,small_airport,42.190265,-122.660648,1885,NA,US,,no,,AHM,,S03,,https://en.wikipedia.org/wiki/Ashland_Municipal_Airport,
KS25,Watford City Municipal Airport,US-ND,ND,North Dakota,Watford City,,small_airport,47.79570007,-103.2539978,2111,NA,US,,no,,,KS25,S25,,,
KS27,Kalispell City Airport,US-MT,MT,Montana,Kalispell,,small_airport,48.1786,-114.304001,2932,NA,US,,no,,,KS27,S27,,https://en.wikipedia.org/wiki/Kalispell_City_Airport,
KS33,Madras Municipal Airport,US-OR,OR,Oregon,Madras,,small_airport,44.67020035,-121.1549988,2437,NA,US,,no,,MDJ,KS33,S33,,https://en.wikipedia.org/wiki/Madras_Municipal_Airport,City-County Airport
KS36,Norman Grier Field,US-WA,WA,Washington,Kent,,small_airport,47.337102,-122.103996,472,NA,US,,no,,,,S36,https://crestairpark.com/,https://en.wikipedia.org/wiki/Norm_Grier_Field,"Norman Grier Field, Crest Airpark"
KS39,Prineville Airport,US-OR,OR,Oregon,Prineville,,small_airport,44.28699875,-120.9039993,3250,NA,US,,no,,PRZ,S39,S39,http://www.prinevilleairport.com/,https://en.wikipedia.org/wiki/Prineville_Airport,
KS40,Prosser Airport,US-WA,WA,Washington,Prosser,,small_airport,46.21340179,-119.7910004,697,NA,US,,no,,,KS40,S40,,,
KS67,Nampa Municipal Airport,US-ID,ID,Idaho,Nampa,,small_airport,43.581299,-116.523003,2537,NA,US,,no,,,KMAN,MAN,http://nampaairport.org/,https://en.wikipedia.org/wiki/Nampa_Municipal_Airport,S67
KS78,Emmett Municipal Airport,US-ID,ID,Idaho,Emmett,,small_airport,43.84989929,-116.5429993,2350,NA,US,,no,,,KS78,S78,,,
KSAC,Sacramento Executive Airport,US-CA,CA,California,Sacramento,,medium_airport,38.51250076,-121.4929962,24,NA,US,,no,KSAC,SAC,KSAC,SAC,http://www.sacramento.aero/sac/,https://en.wikipedia.org/wiki/Sacramento_Executive_Airport,"Sutterville Aerodrome, Sacramento Municipal"
KSAF,Santa Fe Municipal Airport,US-NM,NM,New Mexico,Santa Fe,,medium_airport,35.6171,-106.088997,6348,NA,US,,yes,KSAF,SAF,KSAF,SAF,https://flysantafe.com/flights/airlines/,https://en.wikipedia.org/wiki/Santa_Fe_Regional_Airport,
KSAR,Sparta Community Airport - Hunter Field,US-IL,IL,Illinois,Sparta,,small_airport,38.148899,-89.6987,538,NA,US,,no,KSAR,SAR,KSAR,SAR,http://www.ksarairport.com/,https://en.wikipedia.org/wiki/Sparta_Community_Airport,
KSAT,San Antonio International Airport,US-TX,TX,Texas,San Antonio,,large_airport,29.533701,-98.469803,809,NA,US,,yes,KSAT,SAT,KSAT,SAT,https://www.sanantonio.gov/aviation,https://en.wikipedia.org/wiki/San_Antonio_International_Airport,
KSAV,Savannah Hilton Head International Airport,US-GA,GA,Georgia,Savannah,,large_airport,32.127602,-81.202103,50,NA,US,,yes,KSAV,SAV,KSAV,SAV,https://savannahairport.com/,https://en.wikipedia.org/wiki/Savannah/Hilton_Head_International_Airport,
KSBA,Santa Barbara Municipal Airport,US-CA,CA,California,Santa Barbara,,medium_airport,34.426201,-119.839996,13,NA,US,,yes,KSBA,SBA,KSBA,SBA,,https://en.wikipedia.org/wiki/Santa_Barbara_Airport,
KSBD,San Bernardino International Airport,US-CA,CA,California,San Bernardino,,medium_airport,34.095402,-117.235001,1159,NA,US,,yes,KSBD,SBD,KSBD,SBD,http://sbdairport.com/,https://en.wikipedia.org/wiki/San_Bernardino_International_Airport,"Norton AFB, San Bernardino Air Depot"
KSBM,Sheboygan County Memorial Airport,US-WI,WI,Wisconsin,Sheboygan,,small_airport,43.76959991,-87.85140228,755,NA,US,,no,KSBM,SBM,KSBM,SBM,,https://en.wikipedia.org/wiki/Sheboygan_County_Memorial_Airport,
KSBN,South Bend Regional Airport,US-IN,IN,Indiana,South Bend,,medium_airport,41.708698,-86.317299,799,NA,US,,yes,KSBN,SBN,KSBN,SBN,,https://en.wikipedia.org/wiki/South_Bend_Regional_Airport,
KSBP,San Luis County Regional Airport,US-CA,CA,California,San Luis Obispo,,medium_airport,35.23680115,-120.6419983,212,NA,US,,yes,KSBP,SBP,KSBP,SBP,http://www.sloairport.com/,https://en.wikipedia.org/wiki/San_Luis_Obispo_County_Regional_Airport,SLO Airport
KSBS,Steamboat Springs Bob Adams Field,US-CO,CO,Colorado,Steamboat Springs,,small_airport,40.5163002,-106.8659973,6882,NA,US,,no,KSBS,SBS,KSBS,SBS,,https://en.wikipedia.org/wiki/Steamboat_Springs_Airport,
KSBY,Salisbury Ocean City Wicomico Regional Airport,US-MD,MD,Maryland,Salisbury,,medium_airport,38.34049988,-75.51029968,52,NA,US,,yes,KSBY,SBY,KSBY,SBY,,https://en.wikipedia.org/wiki/Wicomico_Regional_Airport,
KSCH,Schenectady County Airport,US-NY,NY,New York,Schenectady,,medium_airport,42.85250092,-73.92890167,378,NA,US,,no,KSCH,SCH,KSCH,SCH,http://www.schenectadycounty.com/FullStory.aspx?m=100&amid=432,https://en.wikipedia.org/wiki/Schenectady_County_Airport,
KSCK,Stockton Metropolitan Airport,US-CA,CA,California,Stockton,,medium_airport,37.893279,-121.238079,33,NA,US,,yes,KSCK,SCK,KSCK,SCK,http://www.sjgov.org/airport/,https://en.wikipedia.org/wiki/Stockton_Metropolitan_Airport,
KSDM,Brown Field Municipal Airport,US-CA,CA,California,San Diego,,medium_airport,32.572639,-116.980019,526,NA,US,,no,KSDM,SDM,KSDM,SDM,http://www.sandiego.gov/airports/brown/,https://en.wikipedia.org/wiki/Brown_Field_Municipal_Airport,
KSEA,Seattle–Tacoma International Airport,US-WA,WA,Washington,Seattle,,large_airport,47.447943,-122.310276,433,NA,US,,yes,KSEA,SEA,KSEA,SEA,https://www.portseattle.org/sea-tac,https://en.wikipedia.org/wiki/Seattle%E2%80%93Tacoma_International_Airport,
KSEE,Gillespie Field,US-CA,CA,California,San Diego/El Cajon,,small_airport,32.82619858,-116.9720001,388,NA,US,,no,KSEE,SEE,KSEE,SEE,http://GillespieField.com/,https://en.wikipedia.org/wiki/Gillespie_Field,
KSEF,Sebring Regional Airport,US-FL,FL,Florida,Sebring,,small_airport,27.45639992,-81.3423996,62,NA,US,,no,KSEF,SEF,KSEF,SEF,http://www.sebring-airport.com/,https://en.wikipedia.org/wiki/Sebring_Regional_Airport,
KSER,Freeman Municipal Airport,US-IN,IN,Indiana,Seymour,,small_airport,38.92359924,-85.90740204,583,NA,US,,no,KSER,SER,KSER,SER,http://seymourcity.com/departments/aviation/,https://en.wikipedia.org/wiki/Freeman_Municipal_Airport,
KSET,St Charles County Regional Airport/Smartt Field,US-MO,MO,Missouri,St Charles,,small_airport,38.929699,-90.43,437,NA,US,,no,,,KSET,SET,https://www.sccmo.org/237/Regional-Airport---Smartt-Field,https://en.wikipedia.org/wiki/St._Charles_County_Smartt_Airport,
KSFB,Orlando Sanford International Airport,US-FL,FL,Florida,Orlando,,large_airport,28.77759933,-81.23750305,55,NA,US,,yes,KSFB,SFB,KSFB,SFB,,https://en.wikipedia.org/wiki/Orlando_Sanford_International_Airport,
KSFF,Felts Field,US-WA,WA,Washington,Spokane,,medium_airport,47.682899,-117.321925,1953,NA,US,,no,KSFF,SFF,KSFF,SFF,http://feltsfield.spokaneairports.net/,https://en.wikipedia.org/wiki/Felts_Field_Airport,Parkwater Airstrip
KSFM,Sanford Seacoast Regional Airport,US-ME,ME,Maine,Sanford,,small_airport,43.39390182,-70.70800018,244,NA,US,,no,KSFM,SFM,KSFM,SFM,http://www.sanfordmaine.org/index.asp?Type=B_BASIC&SEC={DEE316C2-D149-450A-922E-9B2B686815B4},https://en.wikipedia.org/wiki/Sanford_Regional_Airport,Sanford NAAF
KSFQ,Suffolk Executive Airport,US-VA,VA,Virginia,Suffolk,,small_airport,36.6824,-76.601898,72,NA,US,,no,,,KSFQ,SFQ,,https://en.wikipedia.org/wiki/Suffolk_Executive_Airport,
KSFZ,North Central State Airport,US-RI,RI,Rhode Island,Pawtucket,,small_airport,41.92079926,-71.49140167,441,NA,US,,no,KSFZ,SFZ,KSFZ,SFZ,,https://en.wikipedia.org/wiki/North_Central_State_Airport,
KSGF,Springfield Branson National Airport,US-MO,MO,Missouri,Springfield,,medium_airport,37.245701,-93.388603,1268,NA,US,,yes,KSGF,SGF,KSGF,SGF,,https://en.wikipedia.org/wiki/Springfield/Branson_National_Airport,
KSGJ,Northeast Florida Regional Airport,US-FL,FL,Florida,St Augustine,,medium_airport,29.9592,-81.339798,10,NA,US,,yes,KSGJ,UST,KSGJ,SGJ,http://www.flynf.com/,https://en.wikipedia.org/wiki/St._Augustine_Airport,"St Augustine Airport, NAAS St. Augustine"
KSGR,Sugar Land Regional Airport,US-TX,TX,Texas,Houston,,medium_airport,29.62229919,-95.65650177,82,NA,US,,no,KSGR,SGR,KSGR,SGR,http://www.sugarlandtx.gov/index.aspx?nid=1073,https://en.wikipedia.org/wiki/Sugar_Land_Regional_Airport,Hull Field
KSGS,South St Paul Municipal Airport/Richard E Fleming Field,US-MN,MN,Minnesota,South St Paul,,small_airport,44.857101,-93.032898,821,NA,US,,no,,,KSGS,SGS,,https://en.wikipedia.org/wiki/South_St._Paul_Municipal_Airport,
KSGU,St George Regional Airport,US-UT,UT,Utah,St George,,medium_airport,37.036389,-113.510306,2941,NA,US,,yes,KSGU,SGU,KSGU,SGU,https://www.flysgu.org,https://en.wikipedia.org/wiki/St._George_Regional_Airport,DXZ
KSHD,Shenandoah Valley Regional Airport,US-VA,VA,Virginia,Weyers Cave,,medium_airport,38.263802,-78.8964,1201,NA,US,,yes,KSHD,SHD,KSHD,SHD,,https://en.wikipedia.org/wiki/Shenandoah_Valley_Regional_Airport,"Harrisonburg, Staunton, Waynesboro"
KSHL,Sheldon Regional Airport,US-IA,IA,Iowa,Sheldon,,small_airport,43.208401,-95.833396,1419,NA,US,,no,,,KSHL,SHL,,,Sheldon Municipal
KSHR,Sheridan County Airport,US-WY,WY,Wyoming,Sheridan,,medium_airport,44.76919937,-106.9800034,4021,NA,US,,yes,KSHR,SHR,KSHR,SHR,,https://en.wikipedia.org/wiki/Sheridan_County_Airport,
KSJT,San Angelo Regional Mathis Field,US-TX,TX,Texas,San Angelo,,medium_airport,31.35770035,-100.4960022,1919,NA,US,,yes,KSJT,SJT,KSJT,SJT,,https://en.wikipedia.org/wiki/San_Angelo_Regional_Airport,
KSKF,Kelly Field,US-TX,TX,Texas,San Antonio,,medium_airport,29.38419914,-98.58110046,691,NA,US,,no,KSKF,SKF,KSKF,SKF,,https://en.wikipedia.org/wiki/Lackland_Air_Force_Base,"Kelly Field Annex, Lackland AFB"
KSKX,Taos Regional Airport,US-NM,NM,New Mexico,Taos,,medium_airport,36.452494,-105.67749,7095,NA,US,,yes,KSKX,TSM,KSKX,SKX,http://www.taosairport.org/,https://en.wikipedia.org/wiki/Taos_Regional_Airport,
KSLB,Storm Lake Municipal Airport,US-IA,IA,Iowa,Storm Lake,,small_airport,42.59730148,-95.24069977,1488,NA,US,,no,KSLB,SLB,KSLB,SLB,http://www.stormlake.org/index.aspx?NID=16,https://en.wikipedia.org/wiki/Storm_Lake_Municipal_Airport,
KSLC,Salt Lake City International Airport,US-UT,UT,Utah,Salt Lake City,,large_airport,40.78886,-111.979866,4227,NA,US,,yes,KSLC,SLC,KSLC,SLC,https://slcairport.com/,https://en.wikipedia.org/wiki/Salt_Lake_City_International_Airport,
KSLN,Salina Municipal Airport,US-KS,KS,Kansas,Salina,,medium_airport,38.79100037,-97.65219879,1288,NA,US,,yes,KSLN,SLN,KSLN,SLN,,https://en.wikipedia.org/wiki/Salina_Municipal_Airport,
KSMO,Santa Monica Municipal Airport,US-CA,CA,California,Santa Monica,,medium_airport,34.0158,-118.450996,170,NA,US,,no,KSMO,SMO,KSMO,SMO,http://www.smgov.net/departments/airport/,https://en.wikipedia.org/wiki/Santa_Monica_Airport,Clover Field
KSMQ,Somerset Airport,US-NJ,NJ,New Jersey,Somerville,,small_airport,40.62599945,-74.67019653,105,NA,US,,no,,,KSMQ,SMQ,,https://en.wikipedia.org/wiki/Somerset_Airport_(New_Jersey),
KSMS,Sumter Airport,US-SC,SC,South Carolina,Sumter,,small_airport,33.99499893,-80.36129761,182,NA,US,,no,KSMS,SUM,KSMS,SMS,http://www.sumtersc.gov/airport.aspx,https://en.wikipedia.org/wiki/Sumter_Airport,
KSNA,John Wayne Orange County International Airport,US-CA,CA,California,Santa Ana,,large_airport,33.675701,-117.867996,56,NA,US,,yes,KSNA,SNA,KSNA,SNA,http://www.ocair.com/,https://en.wikipedia.org/wiki/John_Wayne_Airport,"Disney, Disneyland, Orange County"
KSNC,Chester Airport,US-CT,CT,Connecticut,Chester,,small_airport,41.384177,-72.506011,416,NA,US,,no,,,KSNC,SNC,,https://en.wikipedia.org/wiki/Chester_Airport,3B9
KSNL,Shawnee Regional Airport,US-OK,OK,Oklahoma,Shawnee,,small_airport,35.35789871,-96.94280243,1073,NA,US,,no,KSNL,SNL,KSNL,SNL,http://www.shawneeairport.com/,https://en.wikipedia.org/wiki/Shawnee_Regional_Airport,
KSNS,Salinas Municipal Airport,US-CA,CA,California,Salinas,,medium_airport,36.66279984,-121.6060028,85,NA,US,,no,KSNS,SNS,KSNS,SNS,http://www.ci.salinas.ca.us/services/airport/airport.cfm,https://en.wikipedia.org/wiki/Salinas_Municipal_Airport,
KSPA,Spartanburg Downtown Memorial Airport,US-SC,SC,South Carolina,Spartanburg,,small_airport,34.91569901,-81.95649719,801,NA,US,,no,KSPA,SPA,KSPA,SPA,http://www.cityofspartanburg.org/airport,https://en.wikipedia.org/wiki/Spartanburg_Downtown_Memorial_Airport,
KSPB,Scappoose Industrial Airpark,US-OR,OR,Oregon,Scappoose,,small_airport,45.771,-122.862,58,NA,US,,no,,,KSPB,SPB,,https://en.wikipedia.org/wiki/Scappoose_Industrial_Airpark,
KSPF,Black Hills Airport-Clyde Ice Field,US-SD,SD,South Dakota,Spearfish,,small_airport,44.4803009,-103.7829971,3931,NA,US,,no,KSPF,SPF,KSPF,SPF,http://www.lawrence.sd.us/airport.htm,https://en.wikipedia.org/wiki/Black_Hills_Airport,
KSPG,Albert Whitted Airport,US-FL,FL,Florida,St Petersburg,,small_airport,27.7651,-82.626999,7,NA,US,,no,KSPG,SPG,KSPG,SPG,,https://en.wikipedia.org/wiki/Albert_Whitted_Airport,
KSPI,Abraham Lincoln Capital Airport,US-IL,IL,Illinois,Springfield,,medium_airport,39.844101,-89.677902,598,NA,US,,yes,KSPI,SPI,KSPI,SPI,,https://en.wikipedia.org/wiki/Abraham_Lincoln_Capital_Airport,
KSPK,Spanish Fork Municipal Airport/Woodhouse Field,US-UT,UT,Utah,Spanish Fork,,small_airport,40.145027,-111.667694,4529,NA,US,,no,,,KSPK,SPK,http://u77airport.com/,https://en.wikipedia.org/wiki/Spanish_Fork-Springville_Airport,"U77, Springville Airport"
KSPW,Spencer Municipal Airport,US-IA,IA,Iowa,Spencer,,small_airport,43.16550064,-95.20279694,1339,NA,US,,no,KSPW,SPW,KSPW,SPW,http://spenceriowacity.com/airport.php,https://en.wikipedia.org/wiki/Spencer_Municipal_Airport,
KSQI,Whiteside County Airport - Joseph H Bittorf Field,US-IL,IL,Illinois,Rock Falls,,small_airport,41.742175,-89.673629,648,NA,US,,no,KSQI,SQI,KSQI,SQI,https://www.whitesidecountyairport.org/,https://en.wikipedia.org/wiki/Whiteside_County_Airport,Sauk Valley Aviation
KSQL,San Carlos Airport,US-CA,CA,California,San Carlos,,medium_airport,37.51313,-122.250838,5,NA,US,,yes,KSQL,SQL,KSQL,SQL,http://publicworks.smcgov.org/san-carlos-airport,https://en.wikipedia.org/wiki/San_Carlos_Airport_(California),"San Carlos-Belmont Airport, San Mateo Country Airport"
KSRC,Searcy Municipal Airport,US-AR,AR,Arkansas,Searcy,,small_airport,35.210602,-91.737503,265,NA,US,,no,KSRC,SRC,KSRC,SRC,,https://en.wikipedia.org/wiki/Searcy_Municipal_Airport,
KSRQ,Sarasota Bradenton International Airport,US-FL,FL,Florida,Sarasota/Bradenton,,large_airport,27.394631,-82.554359,30,NA,US,,yes,KSRQ,SRQ,KSRQ,SRQ,,https://en.wikipedia.org/wiki/Sarasota-Bradenton_International_Airport,
KSSF,Stinson Municipal Airport,US-TX,TX,Texas,San Antonio,,medium_airport,29.33699989,-98.47109985,577,NA,US,,no,KSSF,SSF,KSSF,SSF,http://www.sanantonio.gov/SSF.aspx,https://en.wikipedia.org/wiki/Stinson_Municipal_Airport,
KSTC,Saint Cloud Regional Airport,US-MN,MN,Minnesota,Saint Cloud,,medium_airport,45.5466,-94.059898,1031,NA,US,,yes,KSTC,STC,KSTC,STC,,https://en.wikipedia.org/wiki/St._Cloud_Regional_Airport,
KSTF,George M Bryan Airport,US-MS,MS,Mississippi,Starkville,,small_airport,33.43310165,-88.84860229,333,NA,US,,no,,,KSTF,STF,http://www.oktibbehacountyms.org/?q=node/163,https://en.wikipedia.org/wiki/George_M._Bryan_Airport,
KSTL,St. Louis Lambert International Airport,US-MO,MO,Missouri,St Louis,,large_airport,38.748697,-90.370003,618,NA,US,,yes,KSTL,STL,KSTL,STL,https://www.flystl.com/,https://en.wikipedia.org/wiki/St._Louis_Lambert_International_Airport,Lambert St Louis
KSTS,Charles M. Schulz Sonoma County Airport,US-CA,CA,California,Santa Rosa,,medium_airport,38.50899887,-122.8130035,128,NA,US,,yes,KSTS,STS,KSTS,STS,http://www.sonomacountyairport.org/,https://en.wikipedia.org/wiki/Charles_M._Schulz_-_Sonoma_County_Airport,
KSUA,Witham Field,US-FL,FL,Florida,Stuart,,small_airport,27.18169975,-80.22109985,16,NA,US,,no,KSUA,SUA,KSUA,SUA,"http://ap3server.martin.fl.us/portal/page?_pageid=413,234422&_dad=portal&_schema=PORTAL",https://en.wikipedia.org/wiki/Witham_Field,NAAS Witham Field
KSUS,Spirit of St Louis Airport,US-MO,MO,Missouri,St Louis,,medium_airport,38.662102,-90.652,463,NA,US,,no,KSUS,SUS,KSUS,SUS,http://spiritairport.com/spiritairport/index.jsp,https://en.wikipedia.org/wiki/Spirit_of_St._Louis_Airport,
KSUT,Cape Fear Regional Jetport / Howie Franklin Field Airport,US-NC,NC,North Carolina,Southport,,small_airport,33.929298,-78.074997,24,NA,US,,no,,,KSUT,SUT,,https://en.wikipedia.org/wiki/Cape_Fear_Regional_Jetport,Brunswick County
KSUW,Richard I Bong Memorial Airport,US-WI,WI,Wisconsin,Superior,,small_airport,46.688612,-92.095041,674,NA,US,,no,KSUW,SUW,KSUW,SUW,http://www.ci.superior.wi.us/index.aspx?NID=231,https://en.wikipedia.org/wiki/Richard_I._Bong_Airport,
KSUX,Sioux Gateway Airport / Brigadier General Bud Day Field,US-IA,IA,Iowa,Sioux City,,medium_airport,42.397605,-96.382237,1098,NA,US,,yes,KSUX,SUX,KSUX,SUX,https://www.sioux-city.org/government/departments-a-f/airport,https://en.wikipedia.org/wiki/Sioux_Gateway_Airport,"Col. Bud Day, Sioux City AB, Sioux City AAB"
KSUZ,Saline County Regional Airport,US-AR,AR,Arkansas,Bryant,,medium_airport,34.590599,-92.479401,390,NA,US,,no,,,KSUZ,SUZ,http://www.salinecounty.org/airport_new_site.htm,https://en.wikipedia.org/wiki/Saline_County_Regional_Airport,"M99, Watts Field"
KSVE,Susanville Municipal Airport,US-CA,CA,California,Susanville,,small_airport,40.375702,-120.572998,4149,NA,US,,no,KSVE,SVE,KSVE,SVE,,https://en.wikipedia.org/wiki/Susanville_Municipal_Airport,
KSWF,New York Stewart International Airport,US-NY,NY,New York,Newburgh,,medium_airport,41.504101,-74.104797,491,NA,US,,yes,KSWF,SWF,KSWF,SWF,https://www.swfny.com/,https://en.wikipedia.org/wiki/Stewart_International_Airport,
KSWO,Stillwater Regional Airport,US-OK,OK,Oklahoma,Stillwater,,medium_airport,36.162132,-97.085581,1000,NA,US,,yes,KSWO,SWO,KSWO,SWO,http://stillwater.org/government/city_facilities/stillwater_regional_airport/,https://en.wikipedia.org/wiki/Stillwater_Regional_Airport,
KSXK,Sioux County Regional Airport,US-IA,IA,Iowa,Maurice,,small_airport,42.9858275,-96.1614,1409,NA,US,,no,,,KSXK,SXK,https://www.siouxcenter.org/15/Airport,,
KSYI,Bomar Field / Shelbyville Municipal Airport,US-TN,TN,Tennessee,Shelbyville,,small_airport,35.560101,-86.442497,801,NA,US,,no,KSYI,SYI,KSYI,SYI,http://www.shelbyvilletnairport.org/,https://en.wikipedia.org/wiki/Shelbyville_Municipal_Airport_(Tennessee),
KSYN,Stanton Airfield,US-MN,MN,Minnesota,Dennison,,small_airport,44.475579,-93.016756,920,NA,US,,no,KSYN,SYN,KSYN,SYN,,https://en.wikipedia.org/wiki/Stanton_Airfield,
KSYR,Syracuse Hancock International Airport,US-NY,NY,New York,Syracuse,,large_airport,43.11119843,-76.10630035,421,NA,US,,yes,KSYR,SYR,KSYR,SYR,http://www.syrairport.org/,https://en.wikipedia.org/wiki/Syracuse_Hancock_International_Airport,
KSZP,Santa Paula Airport,US-CA,CA,California,Santa Paula,,small_airport,34.34719849,-119.060997,243,NA,US,,no,KSZP,SZP,KSZP,SZP,,https://en.wikipedia.org/wiki/Santa_Paula_Airport,
KSZT,Sandpoint Airport,US-ID,ID,Idaho,Sandpoint,,small_airport,48.29949951,-116.5599976,2131,NA,US,,no,,,KSZT,SZT,http://sandpointairport.com/,https://en.wikipedia.org/wiki/Sandpoint_Airport,S86
KT31,Aero Country Airport,US-TX,TX,Texas,McKinney,,small_airport,33.2085,-96.7422,792,NA,US,,no,,,,T31,,https://en.wikipedia.org/wiki/Aero_Country_Airport,
KT65,Mid Valley Airport,US-TX,TX,Texas,Weslaco,,small_airport,26.177601,-97.973098,70,NA,US,,no,,,KTXW,TXW,http://www.weslacotx.gov/departments/mid-valley-airport,https://en.wikipedia.org/wiki/Mid_Valley_Airport,T65
KT82,Gillespie County Airport,US-TX,TX,Texas,Fredericksburg,,small_airport,30.2432,-98.909203,1695,NA,US,,no,,,KT82,T82,,https://en.wikipedia.org/wiki/Gillespie_County_Airport,
KTBR,Statesboro Bulloch County Airport,US-GA,GA,Georgia,Statesboro,,small_airport,32.48270035,-81.73690033,187,NA,US,,no,KTBR,TBR,KTBR,TBR,,https://en.wikipedia.org/wiki/Statesboro-Bulloch_County_Airport,
KTCL,Tuscaloosa National Airport,US-AL,AL,Alabama,Tuscaloosa,,medium_airport,33.2206,-87.611397,170,NA,US,,no,KTCL,TCL,KTCL,TCL,http://www.tuscaloosa.com/Government/Departments/Transportation/airport,https://en.wikipedia.org/wiki/Tuscaloosa_Regional_Airport,
KTCY,Tracy Municipal Airport,US-CA,CA,California,Tracy,,small_airport,37.68899918,-121.4420013,193,NA,US,,no,,,KTCY,TCY,,https://en.wikipedia.org/wiki/Tracy_Municipal_Airport,
KTDF,Raleigh Regional Airport at Person County,US-NC,NC,North Carolina,Timberlake,,small_airport,36.284901,-78.9842,609,NA,US,,no,,,KTDF,TDF,,https://en.wikipedia.org/wiki/Person_County_Airport,
KTDW,Tradewind Airport,US-TX,TX,Texas,Amarillo,,small_airport,35.16989899,-101.8259964,3649,NA,US,,no,KTDW,TDW,KTDW,TDW,http://tradewindairport.com/index.html,https://en.wikipedia.org/wiki/Tradewind_Airport,
KTEB,Teterboro Airport,US-NJ,NJ,New Jersey,Teterboro,,medium_airport,40.850101,-74.060799,9,NA,US,,yes,KTEB,TEB,KTEB,TEB,http://www.teb.com/,https://en.wikipedia.org/wiki/Teterboro_Airport,"Manhattan, New York City, NYC"
KTHA,Tullahoma Regional Airport William Northern Field,US-TN,TN,Tennessee,Tullahoma,,small_airport,35.3801,-86.246399,1083,NA,US,,no,KTHA,THA,KTHA,THA,http://www.tullahomatn.gov/airport/,https://en.wikipedia.org/wiki/Tullahoma_Regional_Airport,
KTIP,Rantoul National Aviation Center - Frank Elliot field,US-IL,IL,Illinois,Rantoul,,small_airport,40.293598,-88.142403,737,NA,US,,no,,,KTIP,TIP,,https://en.wikipedia.org/wiki/Rantoul_National_Aviation_Center,"Chanute Air Force Base, Chanute Field"
KTIW,Tacoma Narrows Airport,US-WA,WA,Washington,Tacoma,,medium_airport,47.267407,-122.577295,294,NA,US,,yes,KTIW,TIW,KTIW,TIW,,https://en.wikipedia.org/wiki/Tacoma_Narrows_Airport,
KTIX,Space Coast Regional Airport,US-FL,FL,Florida,Titusville,,medium_airport,28.51479912,-80.79920197,34,NA,US,,no,KTIX,TIX,KTIX,TIX,,https://en.wikipedia.org/wiki/Space_Coast_Regional_Airport,
KTKI,McKinney National Airport,US-TX,TX,Texas,Dallas,,small_airport,33.177898,-96.5905,585,NA,US,,no,,,KTKI,TKI,https://www.flytki.com/,https://en.wikipedia.org/wiki/McKinney_National_Airport,Collin County Regional Airport at McKinney
KTLH,Tallahassee Regional Airport,US-FL,FL,Florida,Tallahassee,,medium_airport,30.3965,-84.350304,81,NA,US,,yes,KTLH,TLH,KTLH,TLH,,https://en.wikipedia.org/wiki/Tallahassee_Regional_Airport,
KTMB,Miami Executive Airport,US-FL,FL,Florida,Miami,,medium_airport,25.6479,-80.4328,8,NA,US,,no,KTMB,TMB,KTMB,TMB,http://www.miami-airport.com/kendall_tamiami.asp,https://en.wikipedia.org/wiki/Miami_Executive_Airport,Kendall-Tamiami Executive Airport
KTME,Houston Executive Airport,US-TX,TX,Texas,Houston,,small_airport,29.807199,-95.897903,166,NA,US,,no,,,KTME,TME,,https://en.wikipedia.org/wiki/Houston_Executive_Airport,Formerly 78T
KTNU,Newton Municipal Airport,US-IA,IA,Iowa,Newton,,small_airport,41.6744,-93.021698,953,NA,US,,no,KTNU,TNU,KTNU,TNU,http://www.newtongov.org/index.aspx?nid=189,https://en.wikipedia.org/wiki/Newton_Municipal_Airport_(Iowa),Earl Johnson Field
KTOA,Zamperini Field,US-CA,CA,California,Torrance,,small_airport,33.80339813,-118.3399963,103,NA,US,,no,KTOA,TOA,KTOA,TOA,http://www.torranceca.gov/487.htm,https://en.wikipedia.org/wiki/Zamperini_Field,
KTOI,Troy Municipal Airport at N Kenneth Campbell Field,US-AL,AL,Alabama,Troy,,medium_airport,31.860399,-86.012101,398,NA,US,,no,KTOI,TOI,KTOI,TOI,http://www.troyal.gov/KTOI,https://en.wikipedia.org/wiki/Troy_Municipal_Airport,
KTPA,Tampa International Airport,US-FL,FL,Florida,Tampa,,large_airport,27.9755,-82.533203,26,NA,US,,yes,KTPA,TPA,KTPA,TPA,https://www.tampaairport.com/,https://en.wikipedia.org/wiki/Tampa_International_Airport,
KTPF,Peter O Knight Airport,US-FL,FL,Florida,Tampa,,small_airport,27.91559982,-82.44930267,8,NA,US,,no,KTPF,TPF,KTPF,TPF,http://www.tampaairport.com/peter-o-knight-airport,https://en.wikipedia.org/wiki/Peter_O._Knight_Airport,
KTPL,Draughon Miller Central Texas Regional Airport,US-TX,TX,Texas,Temple,,medium_airport,31.1525,-97.407799,682,NA,US,,no,KTPL,TPL,KTPL,TPL,,https://en.wikipedia.org/wiki/Draughon%E2%80%93Miller_Central_Texas_Regional_Airport,
KTRI,Tri-Cities Regional TN/VA Airport,US-TN,TN,Tennessee,Blountville,,medium_airport,36.475201,-82.407401,1519,NA,US,,yes,KTRI,TRI,KTRI,TRI,,https://en.wikipedia.org/wiki/Tri-Cities_Regional_Airport,
KTRK,Truckee Tahoe Airport,US-CA,CA,California,Truckee,,medium_airport,39.318628,-120.140562,5900,NA,US,,yes,KTRK,TKF,KTRK,TRK,,https://en.wikipedia.org/wiki/Truckee_Tahoe_Airport,
KTRL,Terrell Municipal Airport,US-TX,TX,Texas,Terrell,,small_airport,32.709202,-96.267403,474,NA,US,,no,KTRL,TRL,KTRL,TRL,http://www.terrellairport.com/,https://en.wikipedia.org/wiki/Terrell_Municipal_Airport,Terrell Field
KTRM,Jacqueline Cochran Regional Airport,US-CA,CA,California,Palm Springs,,medium_airport,33.62670135,-116.1600037,-115,NA,US,,no,KTRM,TRM,KTRM,TRM,http://www.rcjcra.com/,https://en.wikipedia.org/wiki/Jacqueline_Cochran_Regional_Airport,"Thermal Airport, Desert Resorts Regional Airport, Thermal AAF"
KTTA,Raleigh Executive Jetport,US-NC,NC,North Carolina,Sanford,,small_airport,35.583698,-79.1008,246,NA,US,,no,,,KTTA,TTA,,https://en.wikipedia.org/wiki/Raleigh_Executive_Jetport,"Raleigh Exec: The Raleigh Executive Jetport, Raleigh Exec Jetport at Sanford-Lee County, Sanford-Lee County Regional Airport"
KTTD,Portland Troutdale Airport,US-OR,OR,Oregon,Portland,,medium_airport,45.54940033,-122.401001,39,NA,US,,no,KTTD,TTD,KTTD,TTD,https://www2.portofportland.com/Airports/Troutdale/,https://en.wikipedia.org/wiki/Portland%E2%80%93Troutdale_Airport,
KTTF,Custer Airport,US-MI,MI,Michigan,Monroe,,small_airport,41.939899,-83.4347,616,NA,US,,no,,,KTTF,TTF,,https://en.wikipedia.org/wiki/Custer_Airport,
KTTN,Trenton Mercer Airport,US-NJ,NJ,New Jersey,Ewing Township,,medium_airport,40.276699,-74.813499,213,NA,US,,yes,KTTN,TTN,KTTN,TTN,,https://en.wikipedia.org/wiki/Trenton-Mercer_Airport,
KTVC,Cherry Capital Airport,US-MI,MI,Michigan,Traverse City,,medium_airport,44.74140167,-85.5821991,624,NA,US,,yes,KTVC,TVC,KTVC,TVC,,https://en.wikipedia.org/wiki/Cherry_Capital_Airport,
KTVF,Thief River Falls Regional Airport,US-MN,MN,Minnesota,Thief River Falls,,medium_airport,48.065701,-96.184998,1119,NA,US,,yes,KTVF,TVF,KTVF,TVF,,https://en.wikipedia.org/wiki/Thief_River_Falls_Regional_Airport,
KTVL,Lake Tahoe Airport,US-CA,CA,California,South Lake Tahoe,,medium_airport,38.89390182,-119.9950027,6264,NA,US,,no,KTVL,TVL,KTVL,TVL,,https://en.wikipedia.org/wiki/Lake_Tahoe_Airport,
KTXK,Texarkana Regional Airport (Webb Field),US-AR,AR,Arkansas,Texarkana,,medium_airport,33.453701,-93.990997,390,NA,US,,yes,KTXK,TXK,KTXK,TXK,,https://en.wikipedia.org/wiki/Texarkana_Regional_Airport,
KTYQ,Indianapolis Executive Airport,US-IN,IN,Indiana,Indianapolis,,small_airport,40.030701,-86.251404,922,NA,US,,no,,,KTYQ,TYQ,,https://en.wikipedia.org/wiki/Indianapolis_Executive_Airport,
KTYR,Tyler Pounds Regional Airport,US-TX,TX,Texas,Tyler,,medium_airport,32.35409927,-95.40239716,544,NA,US,,yes,KTYR,TYR,KTYR,TYR,,https://en.wikipedia.org/wiki/Tyler_Pounds_Regional_Airport,
KTYS,McGhee Tyson Airport,US-TN,TN,Tennessee,Alcoa,,medium_airport,35.811001,-83.994003,981,NA,US,,yes,KTYS,TYS,KTYS,TYS,,https://en.wikipedia.org/wiki/McGhee_Tyson_Airport,Knoxville
KTZR,Bolton Field,US-OH,OH,Ohio,Columbus,,small_airport,39.901199,-83.136902,905,NA,US,,no,,,KTZR,TZR,,https://en.wikipedia.org/wiki/Bolton_Field,
KU42,South Valley Regional Airport,US-UT,UT,Utah,Salt Lake City,,medium_airport,40.619499,-111.992996,4607,NA,US,,no,KSVR,,KSVR,SVR,https://slcairport.com/about-the-airport/general-aviation/south-valley-regional-airport/,https://en.wikipedia.org/wiki/Salt_Lake_City_Municipal_2_Airport,U42
KU76,Mountain Home Municipal Airport,US-ID,ID,Idaho,Mountain Home,,small_airport,43.13130188,-115.7300034,3167,NA,US,,no,,,KU76,U76,,,
KUAO,Aurora State Airport,US-OR,OR,Oregon,Aurora,,medium_airport,45.24710083,-122.7699966,200,NA,US,,no,,,KUAO,UAO,,https://en.wikipedia.org/wiki/Aurora_State_Airport,
KUBE,Cumberland Municipal Airport,US-WI,WI,Wisconsin,Cumberland,,small_airport,45.505969,-91.98012,1241,NA,US,,no,,,KUBE,UBE,,https://en.wikipedia.org/wiki/Cumberland_Municipal_Airport_(Wisconsin),
KUCP,New Castle Municipal Airport,US-PA,PA,Pennsylvania,New Castle,,small_airport,41.02529907,-80.41339874,1070,NA,US,,no,,,KUCP,UCP,http://www.newcastlepa.org/Transportation/Airport/airport.html,https://en.wikipedia.org/wiki/New_Castle_Municipal_Airport,2G7
KUDD,Bermuda Dunes Airport,US-CA,CA,California,Bermuda Dunes,,small_airport,33.748492,-116.275027,73,NA,US,,no,KUDD,UDD,KUDD,UDD,,https://en.wikipedia.org/wiki/Bermuda_Dunes_Airport,
KUES,Waukesha County Airport,US-WI,WI,Wisconsin,Waukesha,,small_airport,43.04100037,-88.23709869,911,NA,US,,no,KUES,UES,KUES,UES,https://www.waukeshacounty.gov/airport/,https://en.wikipedia.org/wiki/Waukesha_County_Airport,
KUGN,Waukegan National Airport,US-IL,IL,Illinois,Chicago/Waukegan,,small_airport,42.42219925,-87.86789703,727,NA,US,,no,KUGN,UGN,KUGN,UGN,http://waukeganport.com/wkgn_airport/,https://en.wikipedia.org/wiki/Waukegan_National_Airport,"Waukegan Regional Airport, Waukegan Memorial Airport"
KUIN,Quincy Regional Airport Baldwin Field,US-IL,IL,Illinois,Quincy,,medium_airport,39.942699,-91.194603,768,NA,US,,yes,KUIN,UIN,KUIN,UIN,,https://en.wikipedia.org/wiki/Quincy_Regional_Airport,
KUKI,Ukiah Municipal Airport,US-CA,CA,California,Ukiah,,medium_airport,39.125999,-123.200996,614,NA,US,,no,KUKI,UKI,KUKI,UKI,http://www.cityofukiah.com/ukiah-airport/,https://en.wikipedia.org/wiki/Ukiah_Municipal_Airport,
KUKT,Quakertown Airport,US-PA,PA,Pennsylvania,Quakertown,,small_airport,40.4352,-75.381897,526,NA,US,,no,KUKT,UKT,KUKT,UKT,http://www.bcaanet.org/quakertown.html,https://en.wikipedia.org/wiki/Quakertown_Airport,
KUMP,Indianapolis Metropolitan Airport,US-IN,IN,Indiana,Indianapolis,,small_airport,39.9352,-86.044998,811,NA,US,,no,,,KUMP,UMP,,https://en.wikipedia.org/wiki/Indianapolis_Metropolitan_Airport,
KUNI,Ohio University Airport,US-OH,OH,Ohio,Albany,,small_airport,39.211839,-82.22949,766,NA,US,,no,KUNI,ATO,KUNI,UNI,,https://en.wikipedia.org/wiki/Gordon_K._Bush_Airport,"Athens, Gordon K Bush Airport, Snyder Field"
KUNU,Dodge County Airport,US-WI,WI,Wisconsin,Juneau,,small_airport,43.42660141,-88.70320129,934,NA,US,,no,KUNU,UNU,KUNU,UNU,http://www.co.dodge.wi.us/index.aspx?page=44,https://en.wikipedia.org/wiki/Dodge_County_Airport,
KUNV,State College Regional Airport,US-PA,PA,Pennsylvania,State College,,medium_airport,40.849374,-77.84852,1239,NA,US,,yes,KUNV,SCE,KUNV,UNV,http://universityparkairport.com/,https://en.wikipedia.org/wiki/University_Park_Airport,University Park
KUUU,Newport State Airport,US-RI,RI,Rhode Island,Newport,,small_airport,41.532398,-71.281502,172,NA,US,,yes,KUUU,NPT,KUUU,UUU,,https://en.wikipedia.org/wiki/Newport_State_Airport_(Rhode_Island),2B4
KUWL,New Castle-Henry County Municipal Airport,US-IN,IN,Indiana,New Castle,,small_airport,39.8759,-85.3265,1088,NA,US,,no,,,KUWL,UWL,https://www.cityofnewcastle.net/department/?structureid=66,https://en.wikipedia.org/wiki/New_Castle-Henry_County_Municipal_Airport,Marlatt Field
KUXL,Southland Field,US-LA,LA,Louisiana,Sulphur,,small_airport,30.131399,-93.376099,10,NA,US,,no,,,KUXL,UXL,,https://en.wikipedia.org/wiki/Southland_Field,
KVAY,South Jersey Regional Airport,US-NJ,NJ,New Jersey,Lumberton,,small_airport,39.942902,-74.845703,53,NA,US,,no,KVAY,LLY,KVAY,VAY,http://southjerseyairport.com/,https://en.wikipedia.org/wiki/South_Jersey_Regional_Airport,"Burlington County Airport, Mount Holly"
KVBT,Bentonville Municipal-Louise M Thaden Field,US-AR,AR,Arkansas,Bentonville,,small_airport,36.345699,-94.219299,1296,NA,US,,no,KVBT,,KVBT,VBT,https://www.bentonvillear.com/385/Airport,https://en.wikipedia.org/wiki/Bentonville_Municipal_Airport,H00
KVCB,Nut Tree Airport,US-CA,CA,California,Vacaville,,small_airport,38.376801,-121.961998,117,NA,US,,no,,,KVCB,VCB,,https://en.wikipedia.org/wiki/Nut_Tree_Airport,
KVDF,Tampa Executive Airport,US-FL,FL,Florida,Tampa,,small_airport,28.01399994,-82.34529877,22,NA,US,,no,,,KVDF,VDF,http://www.tampaairport.com/tampa-executive-airport,https://en.wikipedia.org/wiki/Tampa_Executive_Airport,"X16, Vandenberg Airport"
KVEL,Vernal Regional Airport,US-UT,UT,Utah,Vernal,,medium_airport,40.436214,-109.511661,5278,NA,US,,yes,KVEL,VEL,KVEL,VEL,,https://en.wikipedia.org/wiki/Vernal_Airport,
KVGT,North Las Vegas Metropolitan International Airport,US-NV,NV,Nevada,Las Vegas,,medium_airport,36.210701,-115.194,2205,NA,US,,no,KVGT,VGT,KVGT,VGT,http://www.vgt.aero/index.html,https://en.wikipedia.org/wiki/North_Las_Vegas_Airport,"Northtown Airport, Las Vegas North Air Terminal"
KVIS,Visalia Municipal Airport,US-CA,CA,California,Visalia,,medium_airport,36.318699,-119.392998,295,NA,US,,no,KVIS,VIS,KVIS,VIS,,https://en.wikipedia.org/wiki/Visalia_Municipal_Airport,
KVJI,Virginia Highlands Airport,US-VA,VA,Virginia,Abingdon,,small_airport,36.687099,-82.033302,2087,NA,US,,no,KVJI,VJI,KVJI,VJI,http://www.vahighlandsairport.com/,https://en.wikipedia.org/wiki/Virginia_Highlands_Airport,
KVLD,Valdosta Regional Airport,US-GA,GA,Georgia,Valdosta,,medium_airport,30.78249931,-83.27670288,203,NA,US,,yes,KVLD,VLD,KVLD,VLD,,https://en.wikipedia.org/wiki/Valdosta_Regional_Airport,
KVLL,Oakland Troy Airport,US-MI,MI,Michigan,Troy,,small_airport,42.5429,-83.177902,727,NA,US,,no,,,KVLL,VLL,,https://en.wikipedia.org/wiki/Oakland/Troy_Airport,
KVNC,Venice Municipal Airport,US-FL,FL,Florida,Venice,,small_airport,27.070541,-82.440815,18,NA,US,,no,KVNC,VNC,KVNC,VNC,http://www.venicegov.com/Municipal_links/Airport/airport.asp,https://en.wikipedia.org/wiki/Venice_Municipal_Airport,Venice AAF
KVNW,Van Wert County Airport,US-OH,OH,Ohio,Van Wert,,small_airport,40.8647,-84.609398,785,NA,US,,no,,,KVNW,VNW,,https://en.wikipedia.org/wiki/Van_Wert_County_Airport,
KVNY,Van Nuys Airport,US-CA,CA,California,Van Nuys,,medium_airport,34.20980072,-118.4899979,802,NA,US,,no,KVNY,VNY,KVNY,VNY,,https://en.wikipedia.org/wiki/Van_Nuys_Airport,
KVPS,Destin-Fort Walton Beach Airport,US-FL,FL,Florida,Valparaiso,,medium_airport,30.4832,-86.525398,87,NA,US,,yes,KVPS,VPS,KVPS,VPS,http://www.flyvps.com/,https://en.wikipedia.org/wiki/Destin%E2%80%93Fort_Walton_Beach_Airport,Eglin AFB
KVPZ,Porter County Municipal Airport,US-IN,IN,Indiana,Valparaiso,,medium_airport,41.45399857,-87.00710297,770,NA,US,,no,KVPZ,VPZ,KVPZ,VPZ,http://www.vpz.org/,https://en.wikipedia.org/wiki/Porter_County_Municipal_Airport,
KVQQ,Cecil Airport,US-FL,FL,Florida,Jacksonville,,medium_airport,30.2187,-81.876701,81,NA,US,,no,KVQQ,VQQ,KVQQ,VQQ,http://www.jaxjetport.aero/index.php/cecil-airport/,https://en.wikipedia.org/wiki/Cecil_Field,"NZC, KNCZ, Cecil Field NAS"
KVRB,Vero Beach Regional Airport,US-FL,FL,Florida,Vero Beach,,medium_airport,27.6556,-80.417901,24,NA,US,,yes,KVRB,VRB,KVRB,VRB,http://verobeachairport.org/,https://en.wikipedia.org/wiki/Vero_Beach_Municipal_Airport,Vero Beach Municipal
KVTA,Newark Heath Airport,US-OH,OH,Ohio,Newark,,small_airport,40.02470016,-82.46179962,884,NA,US,,no,,,KVTA,VTA,http://www.newarkheathairport.com/default.htm,https://en.wikipedia.org/wiki/Newark-Heath_Airport,2I8
KVUJ,Stanly County Airport,US-NC,NC,North Carolina,Albemarle,,small_airport,35.41669846,-80.15080261,609,NA,US,,no,,,KVUJ,VUJ,http://www.stanlycountyairport.com/,https://en.wikipedia.org/wiki/Stanly_County_Airport,6A6
KW28,Sequim Valley Airport,US-WA,WA,Washington,Sequim,,small_airport,48.09809875,-123.1869965,144,NA,US,,no,,SQV,W28,W28,http://www.sequimvalleyairport.com/,https://en.wikipedia.org/wiki/Sequim_Valley_Airport,
KW40,Mount Olive Municipal Airport,US-NC,NC,North Carolina,Mount Olive,,small_airport,35.221409,-78.038678,168,NA,US,,no,,,W40,W40,,https://en.wikipedia.org/wiki/Mount_Olive_Municipal_Airport,
KW91,Smith Mountain Lake Airport,US-VA,VA,Virginia,Moneta,,small_airport,37.1077,-79.592499,892,NA,US,,no,,,KW91,W91,,https://en.wikipedia.org/wiki/Smith_Mountain_Lake_Airport,
KWBW,Wilkes Barre Wyoming Valley Airport,US-PA,PA,Pennsylvania,Wilkes-Barre,,small_airport,41.29719925,-75.85119629,545,NA,US,,no,KWBW,WBW,KWBW,WBW,,https://en.wikipedia.org/wiki/Wilkes-Barre_Wyoming_Valley_Airport,
KWDG,Enid Woodring Regional Airport,US-OK,OK,Oklahoma,Enid,,small_airport,36.37919998,-97.79109955,1167,NA,US,,no,KWDG,WDG,KWDG,WDG,http://www.enidairport.com/default.htm,https://en.wikipedia.org/wiki/Enid_Woodring_Regional_Airport,Woodring Airport
KWDR,Barrow County Airport,US-GA,GA,Georgia,Winder,,small_airport,33.98289871,-83.66739655,943,NA,US,,no,KWDR,WDR,KWDR,WDR,http://www.wdrairport.com/,https://en.wikipedia.org/wiki/Barrow_County_Airport,
KWEA,Parker County Airport,US-TX,TX,Texas,Weatherford,,small_airport,32.7463,-97.682404,990,NA,US,,no,KWEA,WEA,KWEA,WEA,,https://en.wikipedia.org/wiki/Parker_County_Airport,
KWHP,Whiteman Airport,US-CA,CA,California,Pacoima,,small_airport,34.2593,-118.413002,1003,NA,US,,no,KWHP,WHP,KWHP,WHP,,https://en.wikipedia.org/wiki/Whiteman_Airport,
KWJF,General William J Fox Airfield,US-CA,CA,California,Lancaster,,medium_airport,34.7411,-118.219002,2351,NA,US,,no,KWJF,WJF,KWJF,WJF,,https://en.wikipedia.org/wiki/General_William_J._Fox_Airfield,
KWMC,Winnemucca Municipal Airport,US-NV,NV,Nevada,Winnemucca,,medium_airport,40.89659882,-117.8059998,4308,NA,US,,no,KWMC,WMC,KWMC,WMC,,https://en.wikipedia.org/wiki/Winnemucca_Municipal_Airport,
KWST,Westerly State Airport,US-RI,RI,Rhode Island,Westerly,,medium_airport,41.349602,-71.803398,81,NA,US,,yes,KWST,WST,KWST,WST,,https://en.wikipedia.org/wiki/Westerly_State_Airport,
KWVI,Watsonville Municipal Airport,US-CA,CA,California,Watsonville,,small_airport,36.93569946,-121.7900009,163,NA,US,,no,KWVI,WVI,KWVI,WVI,,https://en.wikipedia.org/wiki/Watsonville_Municipal_Airport,
KWVL,Waterville Robert Lafleur Airport,US-ME,ME,Maine,Waterville,,small_airport,44.53319931,-69.67549896,333,NA,US,,no,KWVL,WVL,KWVL,WVL,,https://en.wikipedia.org/wiki/Waterville_Robert_LaFleur_Airport,
KWYS,Yellowstone Airport,US-MT,MT,Montana,West Yellowstone,,medium_airport,44.6884,-111.117996,6649,NA,US,,yes,KWYS,WYS,KWYS,WYS,https://yellowstoneairport.mdt.mt.gov,https://en.wikipedia.org/wiki/Yellowstone_Airport,
KX04,Orlando Apopka Airport,US-FL,FL,Florida,Apopka,,small_airport,28.7071991,-81.58170319,143,NA,US,,no,,,KX04,X04,,https://en.wikipedia.org/wiki/Orlando_Apopka_Airport,
KX07,Lake Wales Municipal Airport,US-FL,FL,Florida,Lake Wales,,small_airport,27.893801,-81.620399,127,NA,US,,no,,,KX07,X07,,https://en.wikipedia.org/wiki/Lake_Wales_Municipal_Airport,
KX26,Sebastian Municipal Airport,US-FL,FL,Florida,Sebastian,,small_airport,27.812599,-80.495903,21,NA,US,,no,,,KX26,X26,,https://en.wikipedia.org/wiki/Sebastian_Municipal_Airport,
KX39,Tampa North Aero Park Airport,US-FL,FL,Florida,Tampa,,small_airport,28.22130013,-82.37449646,68,NA,US,,no,,KYO,X39,X39,http://www.tampanorth.com/,,"Wesley Chapel, Topp of Tampa Airport"
KX50,Massey Ranch Airpark,US-FL,FL,Florida,New Smyrna Beach,,small_airport,28.978901,-80.925102,12,NA,US,,no,,,KX50,X50,,https://en.wikipedia.org/wiki/Massey_Ranch_Airpark,
KX51,Miami Homestead General Aviation Airport,US-FL,FL,Florida,Homestead,,small_airport,25.499201,-80.554296,7,NA,US,,no,,,,X51,http://www.miami-airport.com/homestead.asp,https://en.wikipedia.org/wiki/Homestead_General_Aviation_Airport,
KX58,Indiantown Airport,US-FL,FL,Florida,Indiantown,,small_airport,27.03639984,-80.44010162,30,NA,US,,no,,,KX58,X58,,,
KX60,Williston Municipal Airport,US-FL,FL,Florida,Williston,,small_airport,29.35420036,-82.47290039,76,NA,US,,no,,,KX60,X60,,https://en.wikipedia.org/wiki/Williston_Municipal_Airport,
KXFL,Flagler Executive Airport,US-FL,FL,Florida,Palm Coast,,small_airport,29.4674,-81.206299,33,NA,US,,no,,,KFIN,FIN,http://www.flaglercounty.org/index.aspx?NID=135,https://en.wikipedia.org/wiki/Flagler_County_Airport,"formerly X47, XFL, KXFL, NOLF Bunnell, Flagler County"
KXLL,Allentown Queen City Municipal Airport,US-PA,PA,Pennsylvania,Allentown,,small_airport,40.570105,-75.486763,399,NA,US,,no,,,KXLL,XLL,,https://en.wikipedia.org/wiki/Allentown_Queen_City_Municipal_Airport,"Formerly 1N9, JVU, KJVU, Convair Field"
KXSA,Tappahannock-Essex County Airport,US-VA,VA,Virginia,Tappahannock,,small_airport,37.8596,-76.894096,135,NA,US,,no,,,KXSA,XSA,http://www.tappahannockessexairport.com/,https://en.wikipedia.org/wiki/Tappahannock-Essex_County_Airport,
KXWA,Williston Basin International Airport,US-ND,ND,North Dakota,Williston,,medium_airport,48.258387,-103.748797,2344,NA,US,,yes,KXWA,XWA,KXWA,XWA,http://www.xwaproject.com/,https://en.wikipedia.org/wiki/Williston_Basin_International_Airport,
KY14,Marv Skie / Lincoln County Airport,US-SD,SD,South Dakota,Tea,,small_airport,43.455213,-96.801448,1515,NA,US,,no,,,,Y14,,https://en.wikipedia.org/wiki/Marv_Skie%E2%80%93Lincoln_County_Airport,
KY19,Mandan Municipal Airport,US-ND,ND,North Dakota,Mandan,,small_airport,46.76819992,-100.8939972,1944,NA,US,,no,,,KY19,Y19,,,
KY70,Ionia County Airport,US-MI,MI,Michigan,Ionia,,small_airport,42.938,-85.060501,818,NA,US,,no,,,Y70,Y70,,https://en.wikipedia.org/wiki/Ionia_County_Airport,
KYIP,Willow Run Airport,US-MI,MI,Michigan,Detroit,,medium_airport,42.23789978,-83.53040314,716,NA,US,,no,,YIP,KYIP,YIP,,https://en.wikipedia.org/wiki/Willow_Run_Airport,DTT
KYKM,Yakima Air Terminal McAllister Field,US-WA,WA,Washington,Yakima,,medium_airport,46.56819916,-120.5439987,1099,NA,US,,yes,KYKM,YKM,KYKM,YKM,,https://en.wikipedia.org/wiki/Yakima_Air_Terminal,
KZ98,Ottawa Executive Airport,US-MI,MI,Michigan,Zeeland,,small_airport,42.8172,-85.928101,740,NA,US,,no,,,KZ98,Z98,,https://en.wikipedia.org/wiki/Ottawa_Executive_Airport,
KZPH,Zephyrhills Municipal Airport,US-FL,FL,Florida,Zephyrhills,,small_airport,28.228201,-82.155899,90,NA,US,,no,KZPH,ZPH,KZPH,ZPH,,https://en.wikipedia.org/wiki/Zephyrhills_Municipal_Airport,
L18,Fallbrook Community Airpark,US-CA,CA,California,Fallbrook,,small_airport,33.35419846,-117.2509995,708,NA,US,,no,,,L18,L18,,https://en.wikipedia.org/wiki/Fallbrook_Community_Airpark,
MD01,Wingfield Airport,US-MD,MD,Maryland,Dameron,,small_airport,38.143254,-76.357244,20,NA,US,,no,,,MD01,MD01,,,Ridge
MO7,St Louis Downtown Heliport,US-MO,MO,Missouri,St Louis,,heliport,38.625142,-90.182912,387,NA,US,,no,,,KMO7,MO7,,,
N05,Hackettstown Airport,US-NJ,NJ,New Jersey,Hackettstown,,small_airport,40.820099,-74.855202,670,NA,US,,no,,,N05,N05,,https://en.wikipedia.org/wiki/Hackettstown_Airport,
N07,Lincoln Park Airport,US-NJ,NJ,New Jersey,Lincoln Park,,small_airport,40.94749832,-74.3144989,182,NA,US,,no,,,N07,N07,,https://en.wikipedia.org/wiki/Lincoln_Park_Airport,"Manhattan, New York City, NYC"
N30,Cherry Ridge Airport,US-PA,PA,Pennsylvania,Honesdale,,small_airport,41.515301,-75.251503,1357,NA,US,,no,,,N30,N30,,https://en.wikipedia.org/wiki/Cherry_Ridge_Airport,
O31,Healdsburg Municipal Airport,US-CA,CA,California,Healdsburg,,small_airport,38.6534996,-122.8990021,278,NA,US,,no,,,KHES,HES,,https://en.wikipedia.org/wiki/Healdsburg_Municipal_Airport,Formerly O31
O38,Gundys Airport,US-OK,OK,Oklahoma,Owasso,,small_airport,36.26679993,-95.78359985,720,NA,US,,no,,,O38,O38,,,
P37,McVille Airport,US-PA,PA,Pennsylvania,Freeport,,small_airport,40.734551,-79.59569,1090,NA,US,,no,,,,6P7,https://www.penndot.gov/TravelInPA/airports-pa/Pages/McVille-Airport.aspx,https://en.wikipedia.org/wiki/McVille_Airport,
PAAQ,"Warren ""Bud"" Woods Palmer Municipal Airport",US-AK,AK,Alaska,Palmer,,medium_airport,61.594898,-149.08901,242,NA,US,,no,PAAQ,PAQ,PAAQ,PAQ,,https://en.wikipedia.org/wiki/Palmer_Municipal_Airport,"Palmer Muni, Palmer Buddy Woods Municipal"
PAED,Elmendorf Air Force Base,US-AK,AK,Alaska,Anchorage,,medium_airport,61.251709,-149.807097,212,NA,US,,no,PAED,EDF,PAED,EDF,,https://en.wikipedia.org/wiki/Elmendorf_Air_Force_Base,
PAEN,Kenai Municipal Airport,US-AK,AK,Alaska,Kenai,,medium_airport,60.570946,-151.245174,99,NA,US,,yes,PAEN,ENA,PAEN,ENA,,https://en.wikipedia.org/wiki/Kenai_Municipal_Airport,
PAFA,Fairbanks International Airport,US-AK,AK,Alaska,Fairbanks,,medium_airport,64.815102,-147.856003,439,NA,US,,yes,PAFA,FAI,PAFA,FAI,,https://en.wikipedia.org/wiki/Fairbanks_International_Airport,
PAGQ,Big Lake Airport,US-AK,AK,Alaska,Big Lake,,small_airport,61.534658,-149.812936,158,NA,US,,no,PAGQ,BGQ,PAGQ,BGQ,,https://en.wikipedia.org/wiki/Big_Lake_Airport,
PAMR,Merrill Field,US-AK,AK,Alaska,Anchorage,,medium_airport,61.212792,-149.843988,137,NA,US,,yes,PAMR,MRI,PAMR,MRI,,https://en.wikipedia.org/wiki/Merrill_Field,
PANO,Nondalton Airport,US-AK,AK,Alaska,Nondalton,,small_airport,59.980202,-154.839005,314,NA,US,,no,PANO,NNL,PANO,5NN,,https://en.wikipedia.org/wiki/Nondalton_Airport,
PASX,Soldotna Airport,US-AK,AK,Alaska,Soldotna,,medium_airport,60.474935,-151.038471,113,NA,US,,no,PASX,SXQ,PASX,SXQ,,https://en.wikipedia.org/wiki/Soldotna_Airport,
PHDH,Kawaihapai Airfield,US-HI,HI,Hawaii,Mokuleia,,small_airport,21.5795,-158.197006,14,OC,US,,no,PHDH,HDH,PHDH,HDH,,https://en.wikipedia.org/wiki/Dillingham_Airfield,Dillingham
PHJR,Kalaeloa Airport,US-HI,HI,Hawaii,Kapolei,,medium_airport,21.3074,-158.070009,30,OC,US,,no,PHJR,JRF,PHJR,JRF,http://airports.hawaii.gov/jrf/,https://en.wikipedia.org/wiki/Kalaeloa_Airport,"NAX, Naval Air Station Barbers Point, John Rodgers Field"
PHKO,Ellison Onizuka Kona International Airport at Keahole,US-HI,HI,Hawaii,Kailua-Kona,,medium_airport,19.738783,-156.045603,47,NA,US,,yes,PHKO,KOA,PHKO,KOA,https://airports.hawaii.gov/koa/,https://en.wikipedia.org/wiki/Kona_International_Airport,
PHNL,Daniel K Inouye Honolulu International Airport,US-HI,HI,Hawaii,"Honolulu, Oahu",,large_airport,21.32062,-157.924228,13,NA,US,,yes,PHNL,HNL,PHNL,HNL,http://airports.hawaii.gov/hnl/,https://en.wikipedia.org/wiki/Daniel_K._Inouye_International_Airport,"Hickam Air Force Base, HIK, PHIK, KHNL, Honolulu International"
PHOG,Kahului International Airport,US-HI,HI,Hawaii,Kahului,,large_airport,20.896263,-156.431837,54,NA,US,,yes,PHOG,OGG,PHOG,OGG,https://airports.hawaii.gov/ogg/,https://en.wikipedia.org/wiki/Kahului_Airport,
RI25,Rhode Island Hospital Heliport,US-RI,RI,Rhode Island,Providence,,heliport,41.810191,-71.409504,22,NA,US,,no,,,RI25,RI25,,,
S30,Lebanon State Airport,US-OR,OR,Oregon,Lebanon,,small_airport,44.52980042,-122.9300003,344,NA,US,,no,,,S30,S30,,https://en.wikipedia.org/wiki/Lebanon_State_Airport,
S37,Smoketown Airport,US-PA,PA,Pennsylvania,Smoketown,,small_airport,40.041605,-76.201386,370,NA,US,,no,,,KS37,S37,,https://en.wikipedia.org/wiki/Smoketown_Airport,
S43,Harvey Field,US-WA,WA,Washington,Snohomish,,small_airport,47.908199,-122.105003,22,NA,US,,no,,,S43,S43,,https://en.wikipedia.org/wiki/Harvey_Airfield,
S66,Homedale Municipal Airport,US-ID,ID,Idaho,Homedale,,small_airport,43.61489868,-116.9219971,2210,NA,US,,no,,,S66,S66,,,
S76,Brooks Seaplane Base,US-ID,ID,Idaho,Coeur D'Alene,,seaplane_base,47.6721,-116.786003,2125,NA,US,,no,,,S76,S76,,https://en.wikipedia.org/wiki/Brooks_Seaplane_Base,
SC79,Bermuda High Gliderport,US-SC,SC,South Carolina,Lancaster,,small_airport,34.61130142,-80.44979858,550,NA,US,,no,,,SC79,SC79,,,
T57,Garland/Dfw Heloplex Heliport,US-TX,TX,Texas,Garland,,heliport,32.8876,-96.683601,601,NA,US,,no,,,T57,T57,,https://en.wikipedia.org/wiki/Garland/DFW_Heloplex,
TX05,Bud Dryden Airport,US-TX,TX,Texas,Austin,,small_airport,30.2605,-97.625298,500,NA,US,,no,,,TX05,TX05,,,
US-0181,Tavares Seaplane Base,US-FL,FL,Florida,Tavares,,seaplane_base,28.800472,-81.727672,62,NA,US,,no,,,KFA1,FA1,,https://en.wikipedia.org/wiki/Tavares_Seaplane_Base,
US-0880,Opa Locka West Airport,US-FL,FL,Florida,Miami,,closed,25.952481,-80.419152,8,NA,US,,no,,,,,,https://en.wikipedia.org/wiki/Opa-locka_West_Airport,X46
US-10896,Sha-Wan-Ga Valley Airport,US-NY,NY,New York,Bloomingburg,,closed,41.571517,-74.401095,437,NA,US,,no,,,,,,,8NY7
US-11646,Mount Vernon Airport,US-ME,ME,Maine,Mount Vernon,,closed,44.509201,-69.952599,478,NA,US,,no,,,,,,,ME36
US-1393,Freeway Airport,US-AZ,AZ,Arizona,Tucson,,closed,32.27777,-111.00957,,NA,US,,no,,,,,,,"tucson, gilpin, freeway"
US-1882,Oasis Airport,US-CA,CA,California,Phelan,,small_airport,34.50889,-117.6458,3321,NA,US,,no,,,,,,,
US-2064,Tucson Airpark,US-AZ,AZ,Arizona,Tucson,,closed,32.25398,-111.00489,,NA,US,,no,,,,,,,
US-3154,Asotin County Airport,US-WA,WA,Washington,Clarkston,,closed,46.42475,-117.05795,770,NA,US,,no,,,,,,,Clarkston
US-4018,Red Hills Airstrip,US-CA,CA,California,Jamestown,,small_airport,37.865086,-120.487694,,NA,US,,no,,,,,,,Hill Valley
US-5087,Boeing Field,US-CO,CO,Colorado,Paonia,,small_airport,38.808643,-107.636147,5784,NA,US,,no,,,43CO,43CO,,,
US-6069,Eugene Airpark,US-OR,OR,Oregon,Eugene,,closed,44.03694,-123.1149,451,NA,US,,no,,,,,,,
US-6079,Mueller-Harkins Airport / Clover Park Technical College Airfield,US-WA,WA,Washington,Lakewood,,closed,47.17409,-122.50094,271,NA,US,,no,,,,,,,
UT99,West Desert Airpark,US-UT,UT,Utah,Fairfield,,small_airport,40.243268,-112.092018,4890,NA,US,,no,,,KUT9,UT9,,,"UT99, Cedar Valley"
VKX,Potomac Airfield,US-MD,MD,Maryland,Friendly,,small_airport,38.74760056,-76.9571991,118,NA,US,,no,,,KVKX,VKX,,https://en.wikipedia.org/wiki/Potomac_Airfield,"DC3, FRZ, ADIZ"
VT96,Mansfield Heliflight Inc Heliport,US-VT,VT,Vermont,Milton,,heliport,44.600117,-73.16505,175,NA,US,,no,,,VT96,VT96,,,
W16,First Air Field,US-WA,WA,Washington,Monroe,,small_airport,47.871375,-121.995698,50,NA,US,,no,,,,W16,,,
W20,Moses Lake Municipal Airport,US-WA,WA,Washington,Moses Lake,,small_airport,47.141998,-119.237999,1203,NA,US,,no,,,W20,W20,,https://en.wikipedia.org/wiki/Moses_Lake_Municipal_Airport,
W29,Bay Bridge Airport,US-MD,MD,Maryland,Stevensville,,small_airport,38.976398,-76.329597,15,NA,US,,no,,,W29,W29,,https://en.wikipedia.org/wiki/Bay_Bridge_Airport,
W36,Will Rogers Wiley Post Memorial Seaplane Base,US-WA,WA,Washington,Renton,,seaplane_base,47.49980164,-122.2190018,14,NA,US,,no,,,W36,W36,,https://en.wikipedia.org/wiki/Will_Rogers_-_Wiley_Post_Memorial_Seaplane_Base,
W55,Kenmore Air Harbor Seaplane Base,US-WA,WA,Washington,Seattle,,seaplane_base,47.629002,-122.338997,14,NA,US,,yes,,LKE,W55,W55,https://kenmoreair.com/seattle-lake-union/,https://en.wikipedia.org/wiki/Kenmore_Air_Harbor_Seaplane_Base,"WA57, Lake Union"
W75,Hummel Field,US-VA,VA,Virginia,Saluda,,small_airport,37.602402,-76.446701,30,NA,US,,no,,,KW75,W75,,https://en.wikipedia.org/wiki/Hummel_Field,
X23,Umatilla Municipal Airport,US-FL,FL,Florida,Umatilla,,small_airport,28.924286,-81.651826,107,NA,US,,no,,,KX23,X23,,https://en.wikipedia.org/wiki/Umatilla_Municipal_Airport,
XS21,H & S Airfield,US-TX,TX,Texas,Damon,,small_airport,29.33110046,-95.70469666,100,NA,US,,no,,,XS21,XS21,,,
Z41,Lake Hood Airport,US-AK,AK,Alaska,Anchorage,,small_airport,61.186683,-149.965446,73,NA,US,,no,,,,,,https://en.wikipedia.org/wiki/Lake_Hood_Seaplane_Base,"LHD, PALH, Z41, Lake Hood Strip"
